t,event,task,x,y,deadline,note,phi1_bool,phi1_rob,phi2_bool,phi2_rob,phi3_bool,phi3_rob,phi_all_bool,phi_all_rob,speed,vmax
0.000,start,,,,,formal-gate passed; plan-aware runtime (EDF+Fence+STL),,,,,,,,,,
0.005,start,0,0.000,0.000,17.022,new goal window,1,0.0500,0,-inf,1,0.4000,0,-inf,0.000,0.400
1.032,pose,0,0.380,0.000,17.022,,1,0.0500,0,-1.4700,1,0.0246,0,-1.4700,0.372,0.400
2.059,pose,0,0.760,0.000,17.022,,1,0.0500,0,-1.0900,1,0.0181,0,-1.0900,0.363,0.400
3.086,pose,0,1.140,0.000,17.022,,1,0.0500,0,-0.7100,1,0.0314,0,-0.7100,0.363,0.400
4.105,pose,0,1.520,0.000,17.022,,1,0.0500,0,-0.3300,1,0.0119,0,-0.3300,0.363,0.400
5.015,finish,0,1.860,0.000,17.022,dur=5.01s,1,0.0500,1,0.0100,1,0.0047,1,0.0047,0.371,0.400
5.069,start,1,1.860,0.000,34.022,new goal window,1,0.0500,0,-inf,1,0.0047,0,-inf,0.000,0.400
5.069,pose,1,1.860,0.000,34.022,plan-hold B_leg1 until 43.42s (now=5.08s),1,0.0500,0,-inf,1,0.0047,0,-inf,0.000,0.400
5.123,pose,1,1.860,0.000,34.022,plan-hold B_leg1 until 43.42s (now=5.13s),1,0.0500,0,-2.2121,1,0.0047,0,-2.2121,0.000,0.400
5.178,pose,1,1.860,0.000,34.022,plan-hold B_leg1 until 43.42s (now=5.19s),1,0.0500,0,-2.2121,1,0.0047,0,-2.2121,0.000,0.400
5.232,pose,1,1.860,0.000,34.022,plan-hold B_leg1 until 43.42s (now=5.24s),1,0.0500,0,-2.2121,1,0.0293,0,-2.2121,0.000,0.400
5.288,pose,1,1.860,0.000,34.022,plan-hold B_leg1 until 43.42s (now=5.30s),1,0.0500,0,-2.2121,1,0.4000,0,-2.2121,0.000,0.400
5.341,pose,1,1.860,0.000,34.022,plan-hold B_leg1 until 43.42s (now=5.35s),1,0.0500,0,-2.2121,1,0.4000,0,-2.2121,0.000,0.400
5.394,pose,1,1.860,0.000,34.022,plan-hold B_leg1 until 43.42s (now=5.40s),1,0.0500,0,-2.2121,1,0.4000,0,-2.2121,0.000,0.400
5.448,pose,1,1.860,0.000,34.022,plan-hold B_leg1 until 43.42s (now=5.46s),1,0.0500,0,-2.2121,1,0.4000,0,-2.2121,0.000,0.400
5.503,pose,1,1.860,0.000,34.022,plan-hold B_leg1 until 43.42s (now=5.51s),1,0.0500,0,-2.2121,1,0.4000,0,-2.2121,0.000,0.400
5.554,pose,1,1.860,0.000,34.022,plan-hold B_leg1 until 43.42s (now=5.56s),1,0.0500,0,-2.2121,1,0.4000,0,-2.2121,0.000,0.400
5.607,pose,1,1.860,0.000,34.022,plan-hold B_leg1 until 43.42s (now=5.62s),1,0.0500,0,-2.2121,1,0.4000,0,-2.2121,0.000,0.400
5.658,pose,1,1.860,0.000,34.022,plan-hold B_leg1 until 43.42s (now=5.67s),1,0.0500,0,-2.2121,1,0.4000,0,-2.2121,0.000,0.400
5.713,pose,1,1.860,0.000,34.022,plan-hold B_leg1 until 43.42s (now=5.72s),1,0.0500,0,-2.2121,1,0.4000,0,-2.2121,0.000,0.400
5.768,pose,1,1.860,0.000,34.022,plan-hold B_leg1 until 43.42s (now=5.78s),1,0.0500,0,-2.2121,1,0.4000,0,-2.2121,0.000,0.400
5.820,pose,1,1.860,0.000,34.022,plan-hold B_leg1 until 43.42s (now=5.83s),1,0.0500,0,-2.2121,1,0.4000,0,-2.2121,0.000,0.400
5.873,pose,1,1.860,0.000,34.022,plan-hold B_leg1 until 43.42s (now=5.88s),1,0.0500,0,-2.2121,1,0.4000,0,-2.2121,0.000,0.400
5.928,pose,1,1.860,0.000,34.022,plan-hold B_leg1 until 43.42s (now=5.94s),1,0.0500,0,-2.2121,1,0.4000,0,-2.2121,0.000,0.400
5.982,pose,1,1.860,0.000,34.022,plan-hold B_leg1 until 43.42s (now=5.99s),1,0.0500,0,-2.2121,1,0.4000,0,-2.2121,0.000,0.400
6.036,pose,1,1.860,0.000,34.022,plan-hold B_leg1 until 43.42s (now=6.05s),1,0.0500,0,-2.2121,1,0.4000,0,-2.2121,0.000,0.400
6.090,pose,1,1.860,0.000,34.022,plan-hold B_leg1 until 43.42s (now=6.10s),1,0.0500,0,-2.2121,1,0.4000,0,-2.2121,0.000,0.400
6.142,pose,1,1.860,0.000,34.022,plan-hold B_leg1 until 43.42s (now=6.15s),1,0.0500,0,-2.2121,1,0.4000,0,-2.2121,0.000,0.400
6.197,pose,1,1.860,0.000,34.022,plan-hold B_leg1 until 43.42s (now=6.21s),1,0.0500,0,-2.2121,1,0.4000,0,-2.2121,0.000,0.400
6.248,pose,1,1.860,0.000,34.022,plan-hold B_leg1 until 43.42s (now=6.26s),1,0.0500,0,-2.2121,1,0.4000,0,-2.2121,0.000,0.400
6.302,pose,1,1.860,0.000,34.022,plan-hold B_leg1 until 43.42s (now=6.31s),1,0.0500,0,-2.2121,1,0.4000,0,-2.2121,0.000,0.400
6.357,pose,1,1.860,0.000,34.022,plan-hold B_leg1 until 43.42s (now=6.37s),1,0.0500,0,-2.2121,1,0.4000,0,-2.2121,0.000,0.400
6.411,pose,1,1.860,0.000,34.022,plan-hold B_leg1 until 43.42s (now=6.42s),1,0.0500,0,-2.2121,1,0.4000,0,-2.2121,0.000,0.400
6.467,pose,1,1.860,0.000,34.022,plan-hold B_leg1 until 43.42s (now=6.48s),1,0.0500,0,-2.2121,1,0.4000,0,-2.2121,0.000,0.400
6.517,pose,1,1.860,0.000,34.022,plan-hold B_leg1 until 43.42s (now=6.53s),1,0.0500,0,-2.2121,1,0.4000,0,-2.2121,0.000,0.400
6.570,pose,1,1.860,0.000,34.022,plan-hold B_leg1 until 43.42s (now=6.58s),1,0.0500,0,-2.2121,1,0.4000,0,-2.2121,0.000,0.400
6.625,pose,1,1.860,0.000,34.022,plan-hold B_leg1 until 43.42s (now=6.63s),1,0.0500,0,-2.2121,1,0.4000,0,-2.2121,0.000,0.400
6.679,pose,1,1.860,0.000,34.022,plan-hold B_leg1 until 43.42s (now=6.69s),1,0.0500,0,-2.2121,1,0.4000,0,-2.2121,0.000,0.400
6.732,pose,1,1.860,0.000,34.022,plan-hold B_leg1 until 43.42s (now=6.74s),1,0.0500,0,-2.2121,1,0.4000,0,-2.2121,0.000,0.400
6.786,pose,1,1.860,0.000,34.022,plan-hold B_leg1 until 43.42s (now=6.80s),1,0.0500,0,-2.2121,1,0.4000,0,-2.2121,0.000,0.400
6.840,pose,1,1.860,0.000,34.022,plan-hold B_leg1 until 43.42s (now=6.85s),1,0.0500,0,-2.2121,1,0.4000,0,-2.2121,0.000,0.400
6.895,pose,1,1.860,0.000,34.022,plan-hold B_leg1 until 43.42s (now=6.90s),1,0.0500,0,-2.2121,1,0.4000,0,-2.2121,0.000,0.400
6.950,pose,1,1.860,0.000,34.022,plan-hold B_leg1 until 43.42s (now=6.96s),1,0.0500,0,-2.2121,1,0.4000,0,-2.2121,0.000,0.400
7.005,pose,1,1.860,0.000,34.022,plan-hold B_leg1 until 43.42s (now=7.01s),1,0.0500,0,-2.2121,1,0.4000,0,-2.2121,0.000,0.400
7.057,pose,1,1.860,0.000,34.022,plan-hold B_leg1 until 43.42s (now=7.07s),1,0.0500,0,-2.2121,1,0.4000,0,-2.2121,0.000,0.400
7.112,pose,1,1.860,0.000,34.022,plan-hold B_leg1 until 43.42s (now=7.12s),1,0.0500,0,-2.2121,1,0.4000,0,-2.2121,0.000,0.400
7.166,pose,1,1.860,0.000,34.022,plan-hold B_leg1 until 43.42s (now=7.18s),1,0.0500,0,-2.2121,1,0.4000,0,-2.2121,0.000,0.400
7.220,pose,1,1.860,0.000,34.022,plan-hold B_leg1 until 43.42s (now=7.23s),1,0.0500,0,-2.2121,1,0.4000,0,-2.2121,0.000,0.400
7.275,pose,1,1.860,0.000,34.022,plan-hold B_leg1 until 43.42s (now=7.28s),1,0.0500,0,-2.2121,1,0.4000,0,-2.2121,0.000,0.400
7.330,pose,1,1.860,0.000,34.022,plan-hold B_leg1 until 43.42s (now=7.34s),1,0.0500,0,-2.2121,1,0.4000,0,-2.2121,0.000,0.400
7.385,pose,1,1.860,0.000,34.022,plan-hold B_leg1 until 43.42s (now=7.39s),1,0.0500,0,-2.2121,1,0.4000,0,-2.2121,0.000,0.400
7.440,pose,1,1.860,0.000,34.022,plan-hold B_leg1 until 43.42s (now=7.45s),1,0.0500,0,-2.2121,1,0.4000,0,-2.2121,0.000,0.400
7.494,pose,1,1.860,0.000,34.022,plan-hold B_leg1 until 43.42s (now=7.50s),1,0.0500,0,-2.2121,1,0.4000,0,-2.2121,0.000,0.400
7.545,pose,1,1.860,0.000,34.022,plan-hold B_leg1 until 43.42s (now=7.55s),1,0.0500,0,-2.2121,1,0.4000,0,-2.2121,0.000,0.400
7.600,pose,1,1.860,0.000,34.022,plan-hold B_leg1 until 43.42s (now=7.61s),1,0.0500,0,-2.2121,1,0.4000,0,-2.2121,0.000,0.400
7.650,pose,1,1.860,0.000,34.022,plan-hold B_leg1 until 43.42s (now=7.66s),1,0.0500,0,-2.2121,1,0.4000,0,-2.2121,0.000,0.400
7.706,pose,1,1.860,0.000,34.022,plan-hold B_leg1 until 43.42s (now=7.71s),1,0.0500,0,-2.2121,1,0.4000,0,-2.2121,0.000,0.400
7.761,pose,1,1.860,0.000,34.022,plan-hold B_leg1 until 43.42s (now=7.77s),1,0.0500,0,-2.2121,1,0.4000,0,-2.2121,0.000,0.400
7.815,pose,1,1.860,0.000,34.022,plan-hold B_leg1 until 43.42s (now=7.82s),1,0.0500,0,-2.2121,1,0.4000,0,-2.2121,0.000,0.400
7.871,pose,1,1.860,0.000,34.022,plan-hold B_leg1 until 43.42s (now=7.88s),1,0.0500,0,-2.2121,1,0.4000,0,-2.2121,0.000,0.400
7.926,pose,1,1.860,0.000,34.022,plan-hold B_leg1 until 43.42s (now=7.93s),1,0.0500,0,-2.2121,1,0.4000,0,-2.2121,0.000,0.400
7.981,pose,1,1.860,0.000,34.022,plan-hold B_leg1 until 43.42s (now=7.99s),1,0.0500,0,-2.2121,1,0.4000,0,-2.2121,0.000,0.400
8.032,pose,1,1.860,0.000,34.022,plan-hold B_leg1 until 43.42s (now=8.04s),1,0.0500,0,-2.2121,1,0.4000,0,-2.2121,0.000,0.400
8.087,pose,1,1.860,0.000,34.022,plan-hold B_leg1 until 43.42s (now=8.10s),1,0.0500,0,-2.2121,1,0.4000,0,-2.2121,0.000,0.400
8.141,pose,1,1.860,0.000,34.022,plan-hold B_leg1 until 43.42s (now=8.15s),1,0.0500,0,-2.2121,1,0.4000,0,-2.2121,0.000,0.400
8.195,pose,1,1.860,0.000,34.022,plan-hold B_leg1 until 43.42s (now=8.20s),1,0.0500,0,-2.2121,1,0.4000,0,-2.2121,0.000,0.400
8.250,pose,1,1.860,0.000,34.022,plan-hold B_leg1 until 43.42s (now=8.26s),1,0.0500,0,-2.2121,1,0.4000,0,-2.2121,0.000,0.400
8.306,pose,1,1.860,0.000,34.022,plan-hold B_leg1 until 43.42s (now=8.31s),1,0.0500,0,-2.2121,1,0.4000,0,-2.2121,0.000,0.400
8.357,pose,1,1.860,0.000,34.022,plan-hold B_leg1 until 43.42s (now=8.37s),1,0.0500,0,-2.2121,1,0.4000,0,-2.2121,0.000,0.400
8.407,pose,1,1.860,0.000,34.022,plan-hold B_leg1 until 43.42s (now=8.42s),1,0.0500,0,-2.2121,1,0.4000,0,-2.2121,0.000,0.400
8.460,pose,1,1.860,0.000,34.022,plan-hold B_leg1 until 43.42s (now=8.47s),1,0.0500,0,-2.2121,1,0.4000,0,-2.2121,0.000,0.400
8.516,pose,1,1.860,0.000,34.022,plan-hold B_leg1 until 43.42s (now=8.52s),1,0.0500,0,-2.2121,1,0.4000,0,-2.2121,0.000,0.400
8.571,pose,1,1.860,0.000,34.022,plan-hold B_leg1 until 43.42s (now=8.58s),1,0.0500,0,-2.2121,1,0.4000,0,-2.2121,0.000,0.400
8.623,pose,1,1.860,0.000,34.022,plan-hold B_leg1 until 43.42s (now=8.63s),1,0.0500,0,-2.2121,1,0.4000,0,-2.2121,0.000,0.400
8.674,pose,1,1.860,0.000,34.022,plan-hold B_leg1 until 43.42s (now=8.68s),1,0.0500,0,-2.2121,1,0.4000,0,-2.2121,0.000,0.400
8.727,pose,1,1.860,0.000,34.022,plan-hold B_leg1 until 43.42s (now=8.74s),1,0.0500,0,-2.2121,1,0.4000,0,-2.2121,0.000,0.400
8.780,pose,1,1.860,0.000,34.022,plan-hold B_leg1 until 43.42s (now=8.79s),1,0.0500,0,-2.2121,1,0.4000,0,-2.2121,0.000,0.400
8.833,pose,1,1.860,0.000,34.022,plan-hold B_leg1 until 43.42s (now=8.84s),1,0.0500,0,-2.2121,1,0.4000,0,-2.2121,0.000,0.400
8.888,pose,1,1.860,0.000,34.022,plan-hold B_leg1 until 43.42s (now=8.90s),1,0.0500,0,-2.2121,1,0.4000,0,-2.2121,0.000,0.400
8.943,pose,1,1.860,0.000,34.022,plan-hold B_leg1 until 43.42s (now=8.95s),1,0.0500,0,-2.2121,1,0.4000,0,-2.2121,0.000,0.400
8.998,pose,1,1.860,0.000,34.022,plan-hold B_leg1 until 43.42s (now=9.01s),1,0.0500,0,-2.2121,1,0.4000,0,-2.2121,0.000,0.400
9.049,pose,1,1.860,0.000,34.022,plan-hold B_leg1 until 43.42s (now=9.06s),1,0.0500,0,-2.2121,1,0.4000,0,-2.2121,0.000,0.400
9.104,pose,1,1.860,0.000,34.022,plan-hold B_leg1 until 43.42s (now=9.11s),1,0.0500,0,-2.2121,1,0.4000,0,-2.2121,0.000,0.400
9.157,pose,1,1.860,0.000,34.022,plan-hold B_leg1 until 43.42s (now=9.17s),1,0.0500,0,-2.2121,1,0.4000,0,-2.2121,0.000,0.400
9.210,pose,1,1.860,0.000,34.022,plan-hold B_leg1 until 43.42s (now=9.22s),1,0.0500,0,-2.2121,1,0.4000,0,-2.2121,0.000,0.400
9.265,pose,1,1.860,0.000,34.022,plan-hold B_leg1 until 43.42s (now=9.27s),1,0.0500,0,-2.2121,1,0.4000,0,-2.2121,0.000,0.400
9.316,pose,1,1.860,0.000,34.022,plan-hold B_leg1 until 43.42s (now=9.32s),1,0.0500,0,-2.2121,1,0.4000,0,-2.2121,0.000,0.400
9.371,pose,1,1.860,0.000,34.022,plan-hold B_leg1 until 43.42s (now=9.38s),1,0.0500,0,-2.2121,1,0.4000,0,-2.2121,0.000,0.400
9.424,pose,1,1.860,0.000,34.022,plan-hold B_leg1 until 43.42s (now=9.43s),1,0.0500,0,-2.2121,1,0.4000,0,-2.2121,0.000,0.400
9.479,pose,1,1.860,0.000,34.022,plan-hold B_leg1 until 43.42s (now=9.49s),1,0.0500,0,-2.2121,1,0.4000,0,-2.2121,0.000,0.400
9.531,pose,1,1.860,0.000,34.022,plan-hold B_leg1 until 43.42s (now=9.54s),1,0.0500,0,-2.2121,1,0.4000,0,-2.2121,0.000,0.400
9.586,pose,1,1.860,0.000,34.022,plan-hold B_leg1 until 43.42s (now=9.60s),1,0.0500,0,-2.2121,1,0.4000,0,-2.2121,0.000,0.400
9.640,pose,1,1.860,0.000,34.022,plan-hold B_leg1 until 43.42s (now=9.65s),1,0.0500,0,-2.2121,1,0.4000,0,-2.2121,0.000,0.400
9.695,pose,1,1.860,0.000,34.022,plan-hold B_leg1 until 43.42s (now=9.70s),1,0.0500,0,-2.2121,1,0.4000,0,-2.2121,0.000,0.400
9.750,pose,1,1.860,0.000,34.022,plan-hold B_leg1 until 43.42s (now=9.76s),1,0.0500,0,-2.2121,1,0.4000,0,-2.2121,0.000,0.400
9.805,pose,1,1.860,0.000,34.022,plan-hold B_leg1 until 43.42s (now=9.81s),1,0.0500,0,-2.2121,1,0.4000,0,-2.2121,0.000,0.400
9.860,pose,1,1.860,0.000,34.022,plan-hold B_leg1 until 43.42s (now=9.87s),1,0.0500,0,-2.2121,1,0.4000,0,-2.2121,0.000,0.400
9.911,pose,1,1.860,0.000,34.022,plan-hold B_leg1 until 43.42s (now=9.92s),1,0.0500,0,-2.2121,1,0.4000,0,-2.2121,0.000,0.400
9.966,pose,1,1.860,0.000,34.022,plan-hold B_leg1 until 43.42s (now=9.97s),1,0.0500,0,-2.2121,1,0.4000,0,-2.2121,0.000,0.400
10.021,pose,1,1.860,0.000,34.022,plan-hold B_leg1 until 43.42s (now=10.03s),1,0.0500,0,-2.2121,1,0.2000,0,-2.2121,0.000,0.200
10.076,pose,1,1.860,0.000,34.022,plan-hold B_leg1 until 43.42s (now=10.08s),1,0.0500,0,-2.2121,1,0.2000,0,-2.2121,0.000,0.200
10.131,pose,1,1.860,0.000,34.022,plan-hold B_leg1 until 43.42s (now=10.14s),1,0.0500,0,-2.2121,1,0.2000,0,-2.2121,0.000,0.200
10.182,pose,1,1.860,0.000,34.022,plan-hold B_leg1 until 43.42s (now=10.19s),1,0.0500,0,-2.2121,1,0.2000,0,-2.2121,0.000,0.200
10.234,pose,1,1.860,0.000,34.022,plan-hold B_leg1 until 43.42s (now=10.24s),1,0.0500,0,-2.2121,1,0.2000,0,-2.2121,0.000,0.200
10.290,pose,1,1.860,0.000,34.022,plan-hold B_leg1 until 43.42s (now=10.30s),1,0.0500,0,-2.2121,1,0.2000,0,-2.2121,0.000,0.200
10.342,pose,1,1.860,0.000,34.022,plan-hold B_leg1 until 43.42s (now=10.35s),1,0.0500,0,-2.2121,1,0.2000,0,-2.2121,0.000,0.200
10.398,pose,1,1.860,0.000,34.022,plan-hold B_leg1 until 43.42s (now=10.41s),1,0.0500,0,-2.2121,1,0.2000,0,-2.2121,0.000,0.200
10.452,pose,1,1.860,0.000,34.022,plan-hold B_leg1 until 43.42s (now=10.46s),1,0.0500,0,-2.2121,1,0.2000,0,-2.2121,0.000,0.200
10.507,pose,1,1.860,0.000,34.022,plan-hold B_leg1 until 43.42s (now=10.52s),1,0.0500,0,-2.2121,1,0.2000,0,-2.2121,0.000,0.200
10.562,pose,1,1.860,0.000,34.022,plan-hold B_leg1 until 43.42s (now=10.57s),1,0.0500,0,-2.2121,1,0.2000,0,-2.2121,0.000,0.200
10.615,pose,1,1.860,0.000,34.022,plan-hold B_leg1 until 43.42s (now=10.62s),1,0.0500,0,-2.2121,1,0.2000,0,-2.2121,0.000,0.200
10.666,pose,1,1.860,0.000,34.022,plan-hold B_leg1 until 43.42s (now=10.68s),1,0.0500,0,-2.2121,1,0.2000,0,-2.2121,0.000,0.200
10.721,pose,1,1.860,0.000,34.022,plan-hold B_leg1 until 43.42s (now=10.73s),1,0.0500,0,-2.2121,1,0.2000,0,-2.2121,0.000,0.200
10.774,pose,1,1.860,0.000,34.022,plan-hold B_leg1 until 43.42s (now=10.78s),1,0.0500,0,-2.2121,1,0.2000,0,-2.2121,0.000,0.200
10.829,pose,1,1.860,0.000,34.022,plan-hold B_leg1 until 43.42s (now=10.84s),1,0.0500,0,-2.2121,1,0.2000,0,-2.2121,0.000,0.200
10.884,pose,1,1.860,0.000,34.022,plan-hold B_leg1 until 43.42s (now=10.89s),1,0.0500,0,-2.2121,1,0.2000,0,-2.2121,0.000,0.200
10.939,pose,1,1.860,0.000,34.022,plan-hold B_leg1 until 43.42s (now=10.95s),1,0.0500,0,-2.2121,1,0.2000,0,-2.2121,0.000,0.200
10.991,pose,1,1.860,0.000,34.022,plan-hold B_leg1 until 43.42s (now=11.00s),1,0.0500,0,-2.2121,1,0.2000,0,-2.2121,0.000,0.200
11.044,pose,1,1.860,0.000,34.022,plan-hold B_leg1 until 43.42s (now=11.05s),1,0.0500,0,-2.2121,1,0.2000,0,-2.2121,0.000,0.200
11.097,pose,1,1.860,0.000,34.022,plan-hold B_leg1 until 43.42s (now=11.11s),1,0.0500,0,-2.2121,1,0.2000,0,-2.2121,0.000,0.200
11.153,pose,1,1.860,0.000,34.022,plan-hold B_leg1 until 43.42s (now=11.16s),1,0.0500,0,-2.2121,1,0.2000,0,-2.2121,0.000,0.200
11.203,pose,1,1.860,0.000,34.022,plan-hold B_leg1 until 43.42s (now=11.21s),1,0.0500,0,-2.2121,1,0.2000,0,-2.2121,0.000,0.200
11.257,pose,1,1.860,0.000,34.022,plan-hold B_leg1 until 43.42s (now=11.27s),1,0.0500,0,-2.2121,1,0.2000,0,-2.2121,0.000,0.200
11.309,pose,1,1.860,0.000,34.022,plan-hold B_leg1 until 43.42s (now=11.32s),1,0.0500,0,-2.2121,1,0.2000,0,-2.2121,0.000,0.200
11.362,pose,1,1.860,0.000,34.022,plan-hold B_leg1 until 43.42s (now=11.37s),1,0.0500,0,-2.2121,1,0.2000,0,-2.2121,0.000,0.200
11.415,pose,1,1.860,0.000,34.022,plan-hold B_leg1 until 43.42s (now=11.42s),1,0.0500,0,-2.2121,1,0.2000,0,-2.2121,0.000,0.200
11.469,pose,1,1.860,0.000,34.022,plan-hold B_leg1 until 43.42s (now=11.48s),1,0.0500,0,-2.2121,1,0.2000,0,-2.2121,0.000,0.200
11.524,pose,1,1.860,0.000,34.022,plan-hold B_leg1 until 43.42s (now=11.53s),1,0.0500,0,-2.2121,1,0.2000,0,-2.2121,0.000,0.200
11.576,pose,1,1.860,0.000,34.022,plan-hold B_leg1 until 43.42s (now=11.58s),1,0.0500,0,-2.2121,1,0.2000,0,-2.2121,0.000,0.200
11.627,pose,1,1.860,0.000,34.022,plan-hold B_leg1 until 43.42s (now=11.64s),1,0.0500,0,-2.2121,1,0.2000,0,-2.2121,0.000,0.200
11.682,pose,1,1.860,0.000,34.022,plan-hold B_leg1 until 43.42s (now=11.69s),1,0.0500,0,-2.2121,1,0.2000,0,-2.2121,0.000,0.200
11.734,pose,1,1.860,0.000,34.022,plan-hold B_leg1 until 43.42s (now=11.74s),1,0.0500,0,-2.2121,1,0.2000,0,-2.2121,0.000,0.200
11.789,pose,1,1.860,0.000,34.022,plan-hold B_leg1 until 43.42s (now=11.80s),1,0.0500,0,-2.2121,1,0.2000,0,-2.2121,0.000,0.200
11.844,pose,1,1.860,0.000,34.022,plan-hold B_leg1 until 43.42s (now=11.85s),1,0.0500,0,-2.2121,1,0.2000,0,-2.2121,0.000,0.200
11.895,pose,1,1.860,0.000,34.022,plan-hold B_leg1 until 43.42s (now=11.90s),1,0.0500,0,-2.2121,1,0.2000,0,-2.2121,0.000,0.200
11.949,pose,1,1.860,0.000,34.022,plan-hold B_leg1 until 43.42s (now=11.96s),1,0.0500,0,-2.2121,1,0.2000,0,-2.2121,0.000,0.200
12.002,pose,1,1.860,0.000,34.022,plan-hold B_leg1 until 43.42s (now=12.01s),1,0.0500,0,-2.2121,1,0.2000,0,-2.2121,0.000,0.200
12.056,pose,1,1.860,0.000,34.022,plan-hold B_leg1 until 43.42s (now=12.07s),1,0.0500,0,-2.2121,1,0.2000,0,-2.2121,0.000,0.200
12.111,pose,1,1.860,0.000,34.022,plan-hold B_leg1 until 43.42s (now=12.12s),1,0.0500,0,-2.2121,1,0.2000,0,-2.2121,0.000,0.200
12.166,pose,1,1.860,0.000,34.022,plan-hold B_leg1 until 43.42s (now=12.17s),1,0.0500,0,-2.2121,1,0.2000,0,-2.2121,0.000,0.200
12.221,pose,1,1.860,0.000,34.022,plan-hold B_leg1 until 43.42s (now=12.23s),1,0.0500,0,-2.2121,1,0.2000,0,-2.2121,0.000,0.200
12.276,pose,1,1.860,0.000,34.022,plan-hold B_leg1 until 43.42s (now=12.28s),1,0.0500,0,-2.2121,1,0.2000,0,-2.2121,0.000,0.200
12.331,pose,1,1.860,0.000,34.022,plan-hold B_leg1 until 43.42s (now=12.34s),1,0.0500,0,-2.2121,1,0.2000,0,-2.2121,0.000,0.200
12.382,pose,1,1.860,0.000,34.022,plan-hold B_leg1 until 43.42s (now=12.39s),1,0.0500,0,-2.2121,1,0.2000,0,-2.2121,0.000,0.200
12.433,pose,1,1.860,0.000,34.022,plan-hold B_leg1 until 43.42s (now=12.44s),1,0.0500,0,-2.2121,1,0.2000,0,-2.2121,0.000,0.200
12.489,pose,1,1.860,0.000,34.022,plan-hold B_leg1 until 43.42s (now=12.50s),1,0.0500,0,-2.2121,1,0.2000,0,-2.2121,0.000,0.200
12.541,pose,1,1.860,0.000,34.022,plan-hold B_leg1 until 43.42s (now=12.55s),1,0.0500,0,-2.2121,1,0.2000,0,-2.2121,0.000,0.200
12.591,pose,1,1.860,0.000,34.022,plan-hold B_leg1 until 43.42s (now=12.60s),1,0.0500,0,-2.2121,1,0.2000,0,-2.2121,0.000,0.200
12.646,pose,1,1.860,0.000,34.022,plan-hold B_leg1 until 43.42s (now=12.66s),1,0.0500,0,-2.2121,1,0.2000,0,-2.2121,0.000,0.200
12.698,pose,1,1.860,0.000,34.022,plan-hold B_leg1 until 43.42s (now=12.71s),1,0.0500,0,-2.2121,1,0.2000,0,-2.2121,0.000,0.200
12.752,pose,1,1.860,0.000,34.022,plan-hold B_leg1 until 43.42s (now=12.76s),1,0.0500,0,-2.2121,1,0.2000,0,-2.2121,0.000,0.200
12.806,pose,1,1.860,0.000,34.022,plan-hold B_leg1 until 43.42s (now=12.81s),1,0.0500,0,-2.2121,1,0.2000,0,-2.2121,0.000,0.200
12.861,pose,1,1.860,0.000,34.022,plan-hold B_leg1 until 43.42s (now=12.87s),1,0.0500,0,-2.2121,1,0.2000,0,-2.2121,0.000,0.200
12.913,pose,1,1.860,0.000,34.022,plan-hold B_leg1 until 43.42s (now=12.92s),1,0.0500,0,-2.2121,1,0.2000,0,-2.2121,0.000,0.200
12.968,pose,1,1.860,0.000,34.022,plan-hold B_leg1 until 43.42s (now=12.98s),1,0.0500,0,-2.2121,1,0.2000,0,-2.2121,0.000,0.200
13.020,pose,1,1.860,0.000,34.022,plan-hold B_leg1 until 43.42s (now=13.03s),1,0.0500,0,-2.2121,1,0.2000,0,-2.2121,0.000,0.200
13.075,pose,1,1.860,0.000,34.022,plan-hold B_leg1 until 43.42s (now=13.08s),1,0.0500,0,-2.2121,1,0.2000,0,-2.2121,0.000,0.200
13.127,pose,1,1.860,0.000,34.022,plan-hold B_leg1 until 43.42s (now=13.14s),1,0.0500,0,-2.2121,1,0.2000,0,-2.2121,0.000,0.200
13.182,pose,1,1.860,0.000,34.022,plan-hold B_leg1 until 43.42s (now=13.19s),1,0.0500,0,-2.2121,1,0.2000,0,-2.2121,0.000,0.200
13.235,pose,1,1.860,0.000,34.022,plan-hold B_leg1 until 43.42s (now=13.24s),1,0.0500,0,-2.2121,1,0.2000,0,-2.2121,0.000,0.200
13.291,pose,1,1.860,0.000,34.022,plan-hold B_leg1 until 43.42s (now=13.30s),1,0.0500,0,-2.2121,1,0.2000,0,-2.2121,0.000,0.200
13.344,pose,1,1.860,0.000,34.022,plan-hold B_leg1 until 43.42s (now=13.35s),1,0.0500,0,-2.2121,1,0.2000,0,-2.2121,0.000,0.200
13.399,pose,1,1.860,0.000,34.022,plan-hold B_leg1 until 43.42s (now=13.41s),1,0.0500,0,-2.2121,1,0.2000,0,-2.2121,0.000,0.200
13.453,pose,1,1.860,0.000,34.022,plan-hold B_leg1 until 43.42s (now=13.46s),1,0.0500,0,-2.2121,1,0.2000,0,-2.2121,0.000,0.200
13.507,pose,1,1.860,0.000,34.022,plan-hold B_leg1 until 43.42s (now=13.52s),1,0.0500,0,-2.2121,1,0.2000,0,-2.2121,0.000,0.200
13.562,pose,1,1.860,0.000,34.022,plan-hold B_leg1 until 43.42s (now=13.57s),1,0.0500,0,-2.2121,1,0.2000,0,-2.2121,0.000,0.200
13.617,pose,1,1.860,0.000,34.022,plan-hold B_leg1 until 43.42s (now=13.63s),1,0.0500,0,-2.2121,1,0.2000,0,-2.2121,0.000,0.200
13.670,pose,1,1.860,0.000,34.022,plan-hold B_leg1 until 43.42s (now=13.68s),1,0.0500,0,-2.2121,1,0.2000,0,-2.2121,0.000,0.200
13.720,pose,1,1.860,0.000,34.022,plan-hold B_leg1 until 43.42s (now=13.73s),1,0.0500,0,-2.2121,1,0.2000,0,-2.2121,0.000,0.200
13.775,pose,1,1.860,0.000,34.022,plan-hold B_leg1 until 43.42s (now=13.78s),1,0.0500,0,-2.2121,1,0.2000,0,-2.2121,0.000,0.200
13.826,pose,1,1.860,0.000,34.022,plan-hold B_leg1 until 43.42s (now=13.84s),1,0.0500,0,-2.2121,1,0.2000,0,-2.2121,0.000,0.200
13.880,pose,1,1.860,0.000,34.022,plan-hold B_leg1 until 43.42s (now=13.89s),1,0.0500,0,-2.2121,1,0.2000,0,-2.2121,0.000,0.200
13.935,pose,1,1.860,0.000,34.022,plan-hold B_leg1 until 43.42s (now=13.94s),1,0.0500,0,-2.2121,1,0.2000,0,-2.2121,0.000,0.200
13.990,pose,1,1.860,0.000,34.022,plan-hold B_leg1 until 43.42s (now=14.00s),1,0.0500,0,-2.2121,1,0.2000,0,-2.2121,0.000,0.200
14.045,pose,1,1.860,0.000,34.022,plan-hold B_leg1 until 43.42s (now=14.05s),1,0.0500,0,-2.2121,1,0.2000,0,-2.2121,0.000,0.200
14.101,pose,1,1.860,0.000,34.022,plan-hold B_leg1 until 43.42s (now=14.11s),1,0.0500,0,-2.2121,1,0.2000,0,-2.2121,0.000,0.200
14.156,pose,1,1.860,0.000,34.022,plan-hold B_leg1 until 43.42s (now=14.16s),1,0.0500,0,-2.2121,1,0.2000,0,-2.2121,0.000,0.200
14.211,pose,1,1.860,0.000,34.022,plan-hold B_leg1 until 43.42s (now=14.22s),1,0.0500,0,-2.2121,1,0.2000,0,-2.2121,0.000,0.200
14.261,pose,1,1.860,0.000,34.022,plan-hold B_leg1 until 43.42s (now=14.27s),1,0.0500,0,-2.2121,1,0.2000,0,-2.2121,0.000,0.200
14.314,pose,1,1.860,0.000,34.022,plan-hold B_leg1 until 43.42s (now=14.32s),1,0.0500,0,-2.2121,1,0.2000,0,-2.2121,0.000,0.200
14.369,pose,1,1.860,0.000,34.022,plan-hold B_leg1 until 43.42s (now=14.38s),1,0.0500,0,-2.2121,1,0.2000,0,-2.2121,0.000,0.200
14.424,pose,1,1.860,0.000,34.022,plan-hold B_leg1 until 43.42s (now=14.43s),1,0.0500,0,-2.2121,1,0.2000,0,-2.2121,0.000,0.200
14.479,pose,1,1.860,0.000,34.022,plan-hold B_leg1 until 43.42s (now=14.49s),1,0.0500,0,-2.2121,1,0.2000,0,-2.2121,0.000,0.200
14.531,pose,1,1.860,0.000,34.022,plan-hold B_leg1 until 43.42s (now=14.54s),1,0.0500,0,-2.2121,1,0.2000,0,-2.2121,0.000,0.200
14.585,pose,1,1.860,0.000,34.022,plan-hold B_leg1 until 43.42s (now=14.59s),1,0.0500,0,-2.2121,1,0.2000,0,-2.2121,0.000,0.200
14.635,pose,1,1.860,0.000,34.022,plan-hold B_leg1 until 43.42s (now=14.64s),1,0.0500,0,-2.2121,1,0.2000,0,-2.2121,0.000,0.200
14.692,pose,1,1.860,0.000,34.022,plan-hold B_leg1 until 43.42s (now=14.70s),1,0.0500,0,-2.2121,1,0.2000,0,-2.2121,0.000,0.200
14.747,pose,1,1.860,0.000,34.022,plan-hold B_leg1 until 43.42s (now=14.76s),1,0.0500,0,-2.2121,1,0.2000,0,-2.2121,0.000,0.200
14.802,pose,1,1.860,0.000,34.022,plan-hold B_leg1 until 43.42s (now=14.81s),1,0.0500,0,-2.2121,1,0.2000,0,-2.2121,0.000,0.200
14.857,pose,1,1.860,0.000,34.022,plan-hold B_leg1 until 43.42s (now=14.87s),1,0.0500,0,-2.2121,1,0.2000,0,-2.2121,0.000,0.200
14.911,pose,1,1.860,0.000,34.022,plan-hold B_leg1 until 43.42s (now=14.92s),1,0.0500,0,-2.2121,1,0.2000,0,-2.2121,0.000,0.200
14.966,pose,1,1.860,0.000,34.022,plan-hold B_leg1 until 43.42s (now=14.97s),1,0.0500,0,-2.2121,1,0.2000,0,-2.2121,0.000,0.200
15.021,pose,1,1.860,0.000,34.022,plan-hold B_leg1 until 43.42s (now=15.03s),1,0.0500,0,-2.2121,1,0.2000,0,-2.2121,0.000,0.200
15.076,pose,1,1.860,0.000,34.022,plan-hold B_leg1 until 43.42s (now=15.09s),1,0.0500,0,-2.2121,1,0.2000,0,-2.2121,0.000,0.200
15.128,pose,1,1.860,0.000,34.022,plan-hold B_leg1 until 43.42s (now=15.14s),1,0.0500,0,-2.2121,1,0.2000,0,-2.2121,0.000,0.200
15.183,pose,1,1.860,0.000,34.022,plan-hold B_leg1 until 43.42s (now=15.19s),1,0.0500,0,-2.2121,1,0.2000,0,-2.2121,0.000,0.200
15.235,pose,1,1.860,0.000,34.022,plan-hold B_leg1 until 43.42s (now=15.24s),1,0.0500,0,-2.2121,1,0.2000,0,-2.2121,0.000,0.200
15.290,pose,1,1.860,0.000,34.022,plan-hold B_leg1 until 43.42s (now=15.30s),1,0.0500,0,-2.2121,1,0.2000,0,-2.2121,0.000,0.200
15.345,pose,1,1.860,0.000,34.022,plan-hold B_leg1 until 43.42s (now=15.35s),1,0.0500,0,-2.2121,1,0.2000,0,-2.2121,0.000,0.200
15.400,pose,1,1.860,0.000,34.022,plan-hold B_leg1 until 43.42s (now=15.41s),1,0.0500,0,-2.2121,1,0.2000,0,-2.2121,0.000,0.200
15.455,pose,1,1.860,0.000,34.022,plan-hold B_leg1 until 43.42s (now=15.46s),1,0.0500,0,-2.2121,1,0.2000,0,-2.2121,0.000,0.200
15.506,pose,1,1.860,0.000,34.022,plan-hold B_leg1 until 43.42s (now=15.52s),1,0.0500,0,-2.2121,1,0.2000,0,-2.2121,0.000,0.200
15.561,pose,1,1.860,0.000,34.022,plan-hold B_leg1 until 43.42s (now=15.57s),1,0.0500,0,-2.2121,1,0.2000,0,-2.2121,0.000,0.200
15.617,pose,1,1.860,0.000,34.022,plan-hold B_leg1 until 43.42s (now=15.63s),1,0.0500,0,-2.2121,1,0.2000,0,-2.2121,0.000,0.200
15.670,pose,1,1.860,0.000,34.022,plan-hold B_leg1 until 43.42s (now=15.68s),1,0.0500,0,-2.2121,1,0.2000,0,-2.2121,0.000,0.200
15.725,pose,1,1.860,0.000,34.022,plan-hold B_leg1 until 43.42s (now=15.73s),1,0.0500,0,-2.2121,1,0.2000,0,-2.2121,0.000,0.200
15.778,pose,1,1.860,0.000,34.022,plan-hold B_leg1 until 43.42s (now=15.79s),1,0.0500,0,-2.2121,1,0.2000,0,-2.2121,0.000,0.200
15.833,pose,1,1.860,0.000,34.022,plan-hold B_leg1 until 43.42s (now=15.84s),1,0.0500,0,-2.2121,1,0.2000,0,-2.2121,0.000,0.200
15.886,pose,1,1.860,0.000,34.022,plan-hold B_leg1 until 43.42s (now=15.90s),1,0.0500,0,-2.2121,1,0.2000,0,-2.2121,0.000,0.200
15.939,pose,1,1.860,0.000,34.022,plan-hold B_leg1 until 43.42s (now=15.95s),1,0.0500,0,-2.2121,1,0.2000,0,-2.2121,0.000,0.200
15.994,pose,1,1.860,0.000,34.022,plan-hold B_leg1 until 43.42s (now=16.00s),1,0.0500,0,-2.2121,1,0.2000,0,-2.2121,0.000,0.200
16.049,pose,1,1.860,0.000,34.022,plan-hold B_leg1 until 43.42s (now=16.06s),1,0.0500,0,-2.2121,1,0.2000,0,-2.2121,0.000,0.200
16.104,pose,1,1.860,0.000,34.022,plan-hold B_leg1 until 43.42s (now=16.11s),1,0.0500,0,-2.2121,1,0.2000,0,-2.2121,0.000,0.200
16.156,pose,1,1.860,0.000,34.022,plan-hold B_leg1 until 43.42s (now=16.16s),1,0.0500,0,-2.2121,1,0.2000,0,-2.2121,0.000,0.200
16.211,pose,1,1.860,0.000,34.022,plan-hold B_leg1 until 43.42s (now=16.22s),1,0.0500,0,-2.2121,1,0.2000,0,-2.2121,0.000,0.200
16.262,pose,1,1.860,0.000,34.022,plan-hold B_leg1 until 43.42s (now=16.27s),1,0.0500,0,-2.2121,1,0.2000,0,-2.2121,0.000,0.200
16.316,pose,1,1.860,0.000,34.022,plan-hold B_leg1 until 43.42s (now=16.33s),1,0.0500,0,-2.2121,1,0.2000,0,-2.2121,0.000,0.200
16.370,pose,1,1.860,0.000,34.022,plan-hold B_leg1 until 43.42s (now=16.38s),1,0.0500,0,-2.2121,1,0.2000,0,-2.2121,0.000,0.200
16.423,pose,1,1.860,0.000,34.022,plan-hold B_leg1 until 43.42s (now=16.43s),1,0.0500,0,-2.2121,1,0.2000,0,-2.2121,0.000,0.200
16.478,pose,1,1.860,0.000,34.022,plan-hold B_leg1 until 43.42s (now=16.49s),1,0.0500,0,-2.2121,1,0.2000,0,-2.2121,0.000,0.200
16.533,pose,1,1.860,0.000,34.022,plan-hold B_leg1 until 43.42s (now=16.54s),1,0.0500,0,-2.2121,1,0.2000,0,-2.2121,0.000,0.200
16.586,pose,1,1.860,0.000,34.022,plan-hold B_leg1 until 43.42s (now=16.60s),1,0.0500,0,-2.2121,1,0.2000,0,-2.2121,0.000,0.200
16.642,pose,1,1.860,0.000,34.022,plan-hold B_leg1 until 43.42s (now=16.65s),1,0.0500,0,-2.2121,1,0.2000,0,-2.2121,0.000,0.200
16.694,pose,1,1.860,0.000,34.022,plan-hold B_leg1 until 43.42s (now=16.70s),1,0.0500,0,-2.2121,1,0.2000,0,-2.2121,0.000,0.200
16.749,pose,1,1.860,0.000,34.022,plan-hold B_leg1 until 43.42s (now=16.76s),1,0.0500,0,-2.2121,1,0.2000,0,-2.2121,0.000,0.200
16.804,pose,1,1.860,0.000,34.022,plan-hold B_leg1 until 43.42s (now=16.81s),1,0.0500,0,-2.2121,1,0.2000,0,-2.2121,0.000,0.200
16.857,pose,1,1.860,0.000,34.022,plan-hold B_leg1 until 43.42s (now=16.87s),1,0.0500,0,-2.2121,1,0.2000,0,-2.2121,0.000,0.200
16.908,pose,1,1.860,0.000,34.022,plan-hold B_leg1 until 43.42s (now=16.92s),1,0.0500,0,-2.2121,1,0.2000,0,-2.2121,0.000,0.200
16.961,pose,1,1.860,0.000,34.022,plan-hold B_leg1 until 43.42s (now=16.97s),1,0.0500,0,-2.2121,1,0.2000,0,-2.2121,0.000,0.200
17.015,pose,1,1.860,0.000,34.022,plan-hold B_leg1 until 43.42s (now=17.02s),1,0.0500,0,-2.2121,1,0.2000,0,-2.2121,0.000,0.200
17.069,pose,1,1.860,0.000,34.022,plan-hold B_leg1 until 43.42s (now=17.08s),1,0.0500,0,-2.2121,1,0.2000,0,-2.2121,0.000,0.200
17.121,pose,1,1.860,0.000,34.022,plan-hold B_leg1 until 43.42s (now=17.13s),1,0.0500,0,-2.2121,1,0.2000,0,-2.2121,0.000,0.200
17.176,pose,1,1.860,0.000,34.022,plan-hold B_leg1 until 43.42s (now=17.18s),1,0.0500,0,-2.2121,1,0.2000,0,-2.2121,0.000,0.200
17.231,pose,1,1.860,0.000,34.022,plan-hold B_leg1 until 43.42s (now=17.24s),1,0.0500,0,-2.2121,1,0.2000,0,-2.2121,0.000,0.200
17.285,pose,1,1.860,0.000,34.022,plan-hold B_leg1 until 43.42s (now=17.29s),1,0.0500,0,-2.2121,1,0.2000,0,-2.2121,0.000,0.200
17.340,pose,1,1.860,0.000,34.022,plan-hold B_leg1 until 43.42s (now=17.35s),1,0.0500,0,-2.2121,1,0.2000,0,-2.2121,0.000,0.200
17.395,pose,1,1.860,0.000,34.022,plan-hold B_leg1 until 43.42s (now=17.40s),1,0.0500,0,-2.2121,1,0.2000,0,-2.2121,0.000,0.200
17.449,pose,1,1.860,0.000,34.022,plan-hold B_leg1 until 43.42s (now=17.46s),1,0.0500,0,-2.2121,1,0.2000,0,-2.2121,0.000,0.200
17.504,pose,1,1.860,0.000,34.022,plan-hold B_leg1 until 43.42s (now=17.51s),1,0.0500,0,-2.2121,1,0.2000,0,-2.2121,0.000,0.200
17.560,pose,1,1.860,0.000,34.022,plan-hold B_leg1 until 43.42s (now=17.57s),1,0.0500,0,-2.2121,1,0.2000,0,-2.2121,0.000,0.200
17.610,pose,1,1.860,0.000,34.022,plan-hold B_leg1 until 43.42s (now=17.62s),1,0.0500,0,-2.2121,1,0.2000,0,-2.2121,0.000,0.200
17.661,pose,1,1.860,0.000,34.022,plan-hold B_leg1 until 43.42s (now=17.67s),1,0.0500,0,-2.2121,1,0.2000,0,-2.2121,0.000,0.200
17.715,pose,1,1.860,0.000,34.022,plan-hold B_leg1 until 43.42s (now=17.72s),1,0.0500,0,-2.2121,1,0.2000,0,-2.2121,0.000,0.200
17.770,pose,1,1.860,0.000,34.022,plan-hold B_leg1 until 43.42s (now=17.78s),1,0.0500,0,-2.2121,1,0.2000,0,-2.2121,0.000,0.200
17.825,pose,1,1.860,0.000,34.022,plan-hold B_leg1 until 43.42s (now=17.83s),1,0.0500,0,-2.2121,1,0.2000,0,-2.2121,0.000,0.200
17.878,pose,1,1.860,0.000,34.022,plan-hold B_leg1 until 43.42s (now=17.89s),1,0.0500,0,-2.2121,1,0.2000,0,-2.2121,0.000,0.200
17.933,pose,1,1.860,0.000,34.022,plan-hold B_leg1 until 43.42s (now=17.94s),1,0.0500,0,-2.2121,1,0.2000,0,-2.2121,0.000,0.200
17.988,pose,1,1.860,0.000,34.022,plan-hold B_leg1 until 43.42s (now=18.00s),1,0.0500,0,-2.2121,1,0.2000,0,-2.2121,0.000,0.200
18.044,pose,1,1.860,0.000,34.022,plan-hold B_leg1 until 43.42s (now=18.05s),1,0.0500,0,-2.2121,1,0.2000,0,-2.2121,0.000,0.200
18.095,pose,1,1.860,0.000,34.022,plan-hold B_leg1 until 43.42s (now=18.10s),1,0.0500,0,-2.2121,1,0.2000,0,-2.2121,0.000,0.200
18.150,pose,1,1.860,0.000,34.022,plan-hold B_leg1 until 43.42s (now=18.16s),1,0.0500,0,-2.2121,1,0.2000,0,-2.2121,0.000,0.200
18.204,pose,1,1.860,0.000,34.022,plan-hold B_leg1 until 43.42s (now=18.21s),1,0.0500,0,-2.2121,1,0.2000,0,-2.2121,0.000,0.200
18.255,pose,1,1.860,0.000,34.022,plan-hold B_leg1 until 43.42s (now=18.26s),1,0.0500,0,-2.2121,1,0.2000,0,-2.2121,0.000,0.200
18.307,pose,1,1.860,0.000,34.022,plan-hold B_leg1 until 43.42s (now=18.32s),1,0.0500,0,-2.2121,1,0.2000,0,-2.2121,0.000,0.200
18.360,pose,1,1.860,0.000,34.022,plan-hold B_leg1 until 43.42s (now=18.37s),1,0.0500,0,-2.2121,1,0.2000,0,-2.2121,0.000,0.200
18.414,pose,1,1.860,0.000,34.022,plan-hold B_leg1 until 43.42s (now=18.42s),1,0.0500,0,-2.2121,1,0.2000,0,-2.2121,0.000,0.200
18.466,pose,1,1.860,0.000,34.022,plan-hold B_leg1 until 43.42s (now=18.48s),1,0.0500,0,-2.2121,1,0.2000,0,-2.2121,0.000,0.200
18.520,pose,1,1.860,0.000,34.022,plan-hold B_leg1 until 43.42s (now=18.53s),1,0.0500,0,-2.2121,1,0.2000,0,-2.2121,0.000,0.200
18.573,pose,1,1.860,0.000,34.022,plan-hold B_leg1 until 43.42s (now=18.58s),1,0.0500,0,-2.2121,1,0.2000,0,-2.2121,0.000,0.200
18.628,pose,1,1.860,0.000,34.022,plan-hold B_leg1 until 43.42s (now=18.64s),1,0.0500,0,-2.2121,1,0.2000,0,-2.2121,0.000,0.200
18.683,pose,1,1.860,0.000,34.022,plan-hold B_leg1 until 43.42s (now=18.69s),1,0.0500,0,-2.2121,1,0.2000,0,-2.2121,0.000,0.200
18.737,pose,1,1.860,0.000,34.022,plan-hold B_leg1 until 43.42s (now=18.75s),1,0.0500,0,-2.2121,1,0.2000,0,-2.2121,0.000,0.200
18.792,pose,1,1.860,0.000,34.022,plan-hold B_leg1 until 43.42s (now=18.80s),1,0.0500,0,-2.2121,1,0.2000,0,-2.2121,0.000,0.200
18.848,pose,1,1.860,0.000,34.022,plan-hold B_leg1 until 43.42s (now=18.86s),1,0.0500,0,-2.2121,1,0.2000,0,-2.2121,0.000,0.200
18.899,pose,1,1.860,0.000,34.022,plan-hold B_leg1 until 43.42s (now=18.91s),1,0.0500,0,-2.2121,1,0.2000,0,-2.2121,0.000,0.200
18.954,pose,1,1.860,0.000,34.022,plan-hold B_leg1 until 43.42s (now=18.96s),1,0.0500,0,-2.2121,1,0.2000,0,-2.2121,0.000,0.200
19.009,pose,1,1.860,0.000,34.022,plan-hold B_leg1 until 43.42s (now=19.02s),1,0.0500,0,-2.2121,1,0.2000,0,-2.2121,0.000,0.200
19.064,pose,1,1.860,0.000,34.022,plan-hold B_leg1 until 43.42s (now=19.07s),1,0.0500,0,-2.2121,1,0.2000,0,-2.2121,0.000,0.200
19.119,pose,1,1.860,0.000,34.022,plan-hold B_leg1 until 43.42s (now=19.13s),1,0.0500,0,-2.2121,1,0.2000,0,-2.2121,0.000,0.200
19.170,pose,1,1.860,0.000,34.022,plan-hold B_leg1 until 43.42s (now=19.18s),1,0.0500,0,-2.2121,1,0.2000,0,-2.2121,0.000,0.200
19.225,pose,1,1.860,0.000,34.022,plan-hold B_leg1 until 43.42s (now=19.23s),1,0.0500,0,-2.2121,1,0.2000,0,-2.2121,0.000,0.200
19.278,pose,1,1.860,0.000,34.022,plan-hold B_leg1 until 43.42s (now=19.29s),1,0.0500,0,-2.2121,1,0.2000,0,-2.2121,0.000,0.200
19.333,pose,1,1.860,0.000,34.022,plan-hold B_leg1 until 43.42s (now=19.34s),1,0.0500,0,-2.2121,1,0.2000,0,-2.2121,0.000,0.200
19.387,pose,1,1.860,0.000,34.022,plan-hold B_leg1 until 43.42s (now=19.40s),1,0.0500,0,-2.2121,1,0.2000,0,-2.2121,0.000,0.200
19.438,pose,1,1.860,0.000,34.022,plan-hold B_leg1 until 43.42s (now=19.45s),1,0.0500,0,-2.2121,1,0.2000,0,-2.2121,0.000,0.200
19.492,pose,1,1.860,0.000,34.022,plan-hold B_leg1 until 43.42s (now=19.50s),1,0.0500,0,-2.2121,1,0.2000,0,-2.2121,0.000,0.200
19.548,pose,1,1.860,0.000,34.022,plan-hold B_leg1 until 43.42s (now=19.56s),1,0.0500,0,-2.2121,1,0.2000,0,-2.2121,0.000,0.200
19.603,pose,1,1.860,0.000,34.022,plan-hold B_leg1 until 43.42s (now=19.61s),1,0.0500,0,-2.2121,1,0.2000,0,-2.2121,0.000,0.200
19.658,pose,1,1.860,0.000,34.022,plan-hold B_leg1 until 43.42s (now=19.67s),1,0.0500,0,-2.2121,1,0.2000,0,-2.2121,0.000,0.200
19.711,pose,1,1.860,0.000,34.022,plan-hold B_leg1 until 43.42s (now=19.72s),1,0.0500,0,-2.2121,1,0.2000,0,-2.2121,0.000,0.200
19.766,pose,1,1.860,0.000,34.022,plan-hold B_leg1 until 43.42s (now=19.78s),1,0.0500,0,-2.2121,1,0.2000,0,-2.2121,0.000,0.200
19.820,pose,1,1.860,0.000,34.022,plan-hold B_leg1 until 43.42s (now=19.83s),1,0.0500,0,-2.2121,1,0.2000,0,-2.2121,0.000,0.200
19.875,pose,1,1.860,0.000,34.022,plan-hold B_leg1 until 43.42s (now=19.88s),1,0.0500,0,-2.2121,1,0.2000,0,-2.2121,0.000,0.200
19.930,pose,1,1.860,0.000,34.022,plan-hold B_leg1 until 43.42s (now=19.94s),1,0.0500,0,-2.2121,1,0.2000,0,-2.2121,0.000,0.200
19.985,pose,1,1.860,0.000,34.022,plan-hold B_leg1 until 43.42s (now=19.99s),1,0.0500,0,-2.2121,1,0.2000,0,-2.2121,0.000,0.200
20.036,pose,1,1.860,0.000,34.022,plan-hold B_leg1 until 43.42s (now=20.05s),1,0.0500,0,-2.2121,1,0.2000,0,-2.2121,0.000,0.300
20.091,pose,1,1.860,0.000,34.022,plan-hold B_leg1 until 43.42s (now=20.10s),1,0.0500,0,-2.2121,1,0.2000,0,-2.2121,0.000,0.300
20.145,pose,1,1.860,0.000,34.022,plan-hold B_leg1 until 43.42s (now=20.15s),1,0.0500,0,-2.2121,1,0.2000,0,-2.2121,0.000,0.300
20.200,pose,1,1.860,0.000,34.022,plan-hold B_leg1 until 43.42s (now=20.21s),1,0.0500,0,-2.2121,1,0.2000,0,-2.2121,0.000,0.300
20.255,pose,1,1.860,0.000,34.022,plan-hold B_leg1 until 43.42s (now=20.26s),1,0.0500,0,-2.2121,1,0.3000,0,-2.2121,0.000,0.300
20.310,pose,1,1.860,0.000,34.022,plan-hold B_leg1 until 43.42s (now=20.32s),1,0.0500,0,-2.2121,1,0.3000,0,-2.2121,0.000,0.300
20.362,pose,1,1.860,0.000,34.022,plan-hold B_leg1 until 43.42s (now=20.37s),1,0.0500,0,-2.2121,1,0.3000,0,-2.2121,0.000,0.300
20.417,pose,1,1.860,0.000,34.022,plan-hold B_leg1 until 43.42s (now=20.43s),1,0.0500,0,-2.2121,1,0.3000,0,-2.2121,0.000,0.300
20.471,pose,1,1.860,0.000,34.022,plan-hold B_leg1 until 43.42s (now=20.48s),1,0.0500,0,-2.2121,1,0.3000,0,-2.2121,0.000,0.300
20.523,pose,1,1.860,0.000,34.022,plan-hold B_leg1 until 43.42s (now=20.53s),1,0.0500,0,-2.2121,1,0.3000,0,-2.2121,0.000,0.300
20.578,pose,1,1.860,0.000,34.022,plan-hold B_leg1 until 43.42s (now=20.59s),1,0.0500,0,-2.2121,1,0.3000,0,-2.2121,0.000,0.300
20.633,pose,1,1.860,0.000,34.022,plan-hold B_leg1 until 43.42s (now=20.64s),1,0.0500,0,-2.2121,1,0.3000,0,-2.2121,0.000,0.300
20.685,pose,1,1.860,0.000,34.022,plan-hold B_leg1 until 43.42s (now=20.69s),1,0.0500,0,-2.2121,1,0.3000,0,-2.2121,0.000,0.300
20.740,pose,1,1.860,0.000,34.022,plan-hold B_leg1 until 43.42s (now=20.75s),1,0.0500,0,-2.2121,1,0.3000,0,-2.2121,0.000,0.300
20.795,pose,1,1.860,0.000,34.022,plan-hold B_leg1 until 43.42s (now=20.80s),1,0.0500,0,-2.2121,1,0.3000,0,-2.2121,0.000,0.300
20.848,pose,1,1.860,0.000,34.022,plan-hold B_leg1 until 43.42s (now=20.86s),1,0.0500,0,-2.2121,1,0.3000,0,-2.2121,0.000,0.300
20.900,pose,1,1.860,0.000,34.022,plan-hold B_leg1 until 43.42s (now=20.91s),1,0.0500,0,-2.2121,1,0.3000,0,-2.2121,0.000,0.300
20.955,pose,1,1.860,0.000,34.022,plan-hold B_leg1 until 43.42s (now=20.96s),1,0.0500,0,-2.2121,1,0.3000,0,-2.2121,0.000,0.300
21.011,pose,1,1.860,0.000,34.022,plan-hold B_leg1 until 43.42s (now=21.02s),1,0.0500,0,-2.2121,1,0.3000,0,-2.2121,0.000,0.300
21.065,pose,1,1.860,0.000,34.022,plan-hold B_leg1 until 43.42s (now=21.07s),1,0.0500,0,-2.2121,1,0.3000,0,-2.2121,0.000,0.300
21.120,pose,1,1.860,0.000,34.022,plan-hold B_leg1 until 43.42s (now=21.13s),1,0.0500,0,-2.2121,1,0.3000,0,-2.2121,0.000,0.300
21.174,pose,1,1.860,0.000,34.022,plan-hold B_leg1 until 43.42s (now=21.18s),1,0.0500,0,-2.2121,1,0.3000,0,-2.2121,0.000,0.300
21.229,pose,1,1.860,0.000,34.022,plan-hold B_leg1 until 43.42s (now=21.24s),1,0.0500,0,-2.2121,1,0.3000,0,-2.2121,0.000,0.300
21.284,pose,1,1.860,0.000,34.022,plan-hold B_leg1 until 43.42s (now=21.29s),1,0.0500,0,-2.2121,1,0.3000,0,-2.2121,0.000,0.300
21.339,pose,1,1.860,0.000,34.022,plan-hold B_leg1 until 43.42s (now=21.35s),1,0.0500,0,-2.2121,1,0.3000,0,-2.2121,0.000,0.300
21.394,pose,1,1.860,0.000,34.022,plan-hold B_leg1 until 43.42s (now=21.40s),1,0.0500,0,-2.2121,1,0.3000,0,-2.2121,0.000,0.300
21.445,pose,1,1.860,0.000,34.022,plan-hold B_leg1 until 43.42s (now=21.45s),1,0.0500,0,-2.2121,1,0.3000,0,-2.2121,0.000,0.300
21.500,pose,1,1.860,0.000,34.022,plan-hold B_leg1 until 43.42s (now=21.51s),1,0.0500,0,-2.2121,1,0.3000,0,-2.2121,0.000,0.300
21.552,pose,1,1.860,0.000,34.022,plan-hold B_leg1 until 43.42s (now=21.56s),1,0.0500,0,-2.2121,1,0.3000,0,-2.2121,0.000,0.300
21.604,pose,1,1.860,0.000,34.022,plan-hold B_leg1 until 43.42s (now=21.61s),1,0.0500,0,-2.2121,1,0.3000,0,-2.2121,0.000,0.300
21.656,pose,1,1.860,0.000,34.022,plan-hold B_leg1 until 43.42s (now=21.67s),1,0.0500,0,-2.2121,1,0.3000,0,-2.2121,0.000,0.300
21.711,pose,1,1.860,0.000,34.022,plan-hold B_leg1 until 43.42s (now=21.72s),1,0.0500,0,-2.2121,1,0.3000,0,-2.2121,0.000,0.300
21.767,pose,1,1.860,0.000,34.022,plan-hold B_leg1 until 43.42s (now=21.78s),1,0.0500,0,-2.2121,1,0.3000,0,-2.2121,0.000,0.300
21.821,pose,1,1.860,0.000,34.022,plan-hold B_leg1 until 43.42s (now=21.83s),1,0.0500,0,-2.2121,1,0.3000,0,-2.2121,0.000,0.300
21.875,pose,1,1.860,0.000,34.022,plan-hold B_leg1 until 43.42s (now=21.88s),1,0.0500,0,-2.2121,1,0.3000,0,-2.2121,0.000,0.300
21.927,pose,1,1.860,0.000,34.022,plan-hold B_leg1 until 43.42s (now=21.94s),1,0.0500,0,-2.2121,1,0.3000,0,-2.2121,0.000,0.300
21.982,pose,1,1.860,0.000,34.022,plan-hold B_leg1 until 43.42s (now=21.99s),1,0.0500,0,-2.2121,1,0.3000,0,-2.2121,0.000,0.300
22.035,pose,1,1.860,0.000,34.022,plan-hold B_leg1 until 43.42s (now=22.04s),1,0.0500,0,-2.2121,1,0.3000,0,-2.2121,0.000,0.300
22.091,pose,1,1.860,0.000,34.022,plan-hold B_leg1 until 43.42s (now=22.10s),1,0.0500,0,-2.2121,1,0.3000,0,-2.2121,0.000,0.300
22.144,pose,1,1.860,0.000,34.022,plan-hold B_leg1 until 43.42s (now=22.15s),1,0.0500,0,-2.2121,1,0.3000,0,-2.2121,0.000,0.300
22.194,pose,1,1.860,0.000,34.022,plan-hold B_leg1 until 43.42s (now=22.20s),1,0.0500,0,-2.2121,1,0.3000,0,-2.2121,0.000,0.300
22.250,pose,1,1.860,0.000,34.022,plan-hold B_leg1 until 43.42s (now=22.26s),1,0.0500,0,-2.2121,1,0.3000,0,-2.2121,0.000,0.300
22.300,pose,1,1.860,0.000,34.022,plan-hold B_leg1 until 43.42s (now=22.31s),1,0.0500,0,-2.2121,1,0.3000,0,-2.2121,0.000,0.300
22.352,pose,1,1.860,0.000,34.022,plan-hold B_leg1 until 43.42s (now=22.36s),1,0.0500,0,-2.2121,1,0.3000,0,-2.2121,0.000,0.300
22.408,pose,1,1.860,0.000,34.022,plan-hold B_leg1 until 43.42s (now=22.42s),1,0.0500,0,-2.2121,1,0.3000,0,-2.2121,0.000,0.300
22.458,pose,1,1.860,0.000,34.022,plan-hold B_leg1 until 43.42s (now=22.47s),1,0.0500,0,-2.2121,1,0.3000,0,-2.2121,0.000,0.300
22.513,pose,1,1.860,0.000,34.022,plan-hold B_leg1 until 43.42s (now=22.52s),1,0.0500,0,-2.2121,1,0.3000,0,-2.2121,0.000,0.300
22.568,pose,1,1.860,0.000,34.022,plan-hold B_leg1 until 43.42s (now=22.58s),1,0.0500,0,-2.2121,1,0.3000,0,-2.2121,0.000,0.300
22.623,pose,1,1.860,0.000,34.022,plan-hold B_leg1 until 43.42s (now=22.63s),1,0.0500,0,-2.2121,1,0.3000,0,-2.2121,0.000,0.300
22.674,pose,1,1.860,0.000,34.022,plan-hold B_leg1 until 43.42s (now=22.68s),1,0.0500,0,-2.2121,1,0.3000,0,-2.2121,0.000,0.300
22.729,pose,1,1.860,0.000,34.022,plan-hold B_leg1 until 43.42s (now=22.74s),1,0.0500,0,-2.2121,1,0.3000,0,-2.2121,0.000,0.300
22.779,pose,1,1.860,0.000,34.022,plan-hold B_leg1 until 43.42s (now=22.79s),1,0.0500,0,-2.2121,1,0.3000,0,-2.2121,0.000,0.300
22.830,pose,1,1.860,0.000,34.022,plan-hold B_leg1 until 43.42s (now=22.84s),1,0.0500,0,-2.2121,1,0.3000,0,-2.2121,0.000,0.300
22.880,pose,1,1.860,0.000,34.022,plan-hold B_leg1 until 43.42s (now=22.89s),1,0.0500,0,-2.2121,1,0.3000,0,-2.2121,0.000,0.300
22.935,pose,1,1.860,0.000,34.022,plan-hold B_leg1 until 43.42s (now=22.94s),1,0.0500,0,-2.2121,1,0.3000,0,-2.2121,0.000,0.300
22.989,pose,1,1.860,0.000,34.022,plan-hold B_leg1 until 43.42s (now=23.00s),1,0.0500,0,-2.2121,1,0.3000,0,-2.2121,0.000,0.300
23.040,pose,1,1.860,0.000,34.022,plan-hold B_leg1 until 43.42s (now=23.05s),1,0.0500,0,-2.2121,1,0.3000,0,-2.2121,0.000,0.300
23.094,pose,1,1.860,0.000,34.022,plan-hold B_leg1 until 43.42s (now=23.10s),1,0.0500,0,-2.2121,1,0.3000,0,-2.2121,0.000,0.300
23.149,pose,1,1.860,0.000,34.022,plan-hold B_leg1 until 43.42s (now=23.16s),1,0.0500,0,-2.2121,1,0.3000,0,-2.2121,0.000,0.300
23.204,pose,1,1.860,0.000,34.022,plan-hold B_leg1 until 43.42s (now=23.21s),1,0.0500,0,-2.2121,1,0.3000,0,-2.2121,0.000,0.300
23.255,pose,1,1.860,0.000,34.022,plan-hold B_leg1 until 43.42s (now=23.26s),1,0.0500,0,-2.2121,1,0.3000,0,-2.2121,0.000,0.300
23.308,pose,1,1.860,0.000,34.022,plan-hold B_leg1 until 43.42s (now=23.32s),1,0.0500,0,-2.2121,1,0.3000,0,-2.2121,0.000,0.300
23.363,pose,1,1.860,0.000,34.022,plan-hold B_leg1 until 43.42s (now=23.37s),1,0.0500,0,-2.2121,1,0.3000,0,-2.2121,0.000,0.300
23.416,pose,1,1.860,0.000,34.022,plan-hold B_leg1 until 43.42s (now=23.43s),1,0.0500,0,-2.2121,1,0.3000,0,-2.2121,0.000,0.300
23.472,pose,1,1.860,0.000,34.022,plan-hold B_leg1 until 43.42s (now=23.48s),1,0.0500,0,-2.2121,1,0.3000,0,-2.2121,0.000,0.300
23.527,pose,1,1.860,0.000,34.022,plan-hold B_leg1 until 43.42s (now=23.54s),1,0.0500,0,-2.2121,1,0.3000,0,-2.2121,0.000,0.300
23.582,pose,1,1.860,0.000,34.022,plan-hold B_leg1 until 43.42s (now=23.59s),1,0.0500,0,-2.2121,1,0.3000,0,-2.2121,0.000,0.300
23.632,pose,1,1.860,0.000,34.022,plan-hold B_leg1 until 43.42s (now=23.64s),1,0.0500,0,-2.2121,1,0.3000,0,-2.2121,0.000,0.300
23.687,pose,1,1.860,0.000,34.022,plan-hold B_leg1 until 43.42s (now=23.70s),1,0.0500,0,-2.2121,1,0.3000,0,-2.2121,0.000,0.300
23.742,pose,1,1.860,0.000,34.022,plan-hold B_leg1 until 43.42s (now=23.75s),1,0.0500,0,-2.2121,1,0.3000,0,-2.2121,0.000,0.300
23.795,pose,1,1.860,0.000,34.022,plan-hold B_leg1 until 43.42s (now=23.80s),1,0.0500,0,-2.2121,1,0.3000,0,-2.2121,0.000,0.300
23.849,pose,1,1.860,0.000,34.022,plan-hold B_leg1 until 43.42s (now=23.86s),1,0.0500,0,-2.2121,1,0.3000,0,-2.2121,0.000,0.300
23.903,pose,1,1.860,0.000,34.022,plan-hold B_leg1 until 43.42s (now=23.91s),1,0.0500,0,-2.2121,1,0.3000,0,-2.2121,0.000,0.300
23.958,pose,1,1.860,0.000,34.022,plan-hold B_leg1 until 43.42s (now=23.97s),1,0.0500,0,-2.2121,1,0.3000,0,-2.2121,0.000,0.300
24.013,pose,1,1.860,0.000,34.022,plan-hold B_leg1 until 43.42s (now=24.02s),1,0.0500,0,-2.2121,1,0.3000,0,-2.2121,0.000,0.300
24.069,pose,1,1.860,0.000,34.022,plan-hold B_leg1 until 43.42s (now=24.08s),1,0.0500,0,-2.2121,1,0.3000,0,-2.2121,0.000,0.300
24.124,pose,1,1.860,0.000,34.022,plan-hold B_leg1 until 43.42s (now=24.13s),1,0.0500,0,-2.2121,1,0.3000,0,-2.2121,0.000,0.300
24.179,pose,1,1.860,0.000,34.022,plan-hold B_leg1 until 43.42s (now=24.19s),1,0.0500,0,-2.2121,1,0.3000,0,-2.2121,0.000,0.300
24.233,pose,1,1.860,0.000,34.022,plan-hold B_leg1 until 43.42s (now=24.24s),1,0.0500,0,-2.2121,1,0.3000,0,-2.2121,0.000,0.300
24.288,pose,1,1.860,0.000,34.022,plan-hold B_leg1 until 43.42s (now=24.30s),1,0.0500,0,-2.2121,1,0.3000,0,-2.2121,0.000,0.300
24.343,pose,1,1.860,0.000,34.022,plan-hold B_leg1 until 43.42s (now=24.35s),1,0.0500,0,-2.2121,1,0.3000,0,-2.2121,0.000,0.300
24.398,pose,1,1.860,0.000,34.022,plan-hold B_leg1 until 43.42s (now=24.41s),1,0.0500,0,-2.2121,1,0.3000,0,-2.2121,0.000,0.300
24.450,pose,1,1.860,0.000,34.022,plan-hold B_leg1 until 43.42s (now=24.46s),1,0.0500,0,-2.2121,1,0.3000,0,-2.2121,0.000,0.300
24.505,pose,1,1.860,0.000,34.022,plan-hold B_leg1 until 43.42s (now=24.51s),1,0.0500,0,-2.2121,1,0.3000,0,-2.2121,0.000,0.300
24.556,pose,1,1.860,0.000,34.022,plan-hold B_leg1 until 43.42s (now=24.56s),1,0.0500,0,-2.2121,1,0.3000,0,-2.2121,0.000,0.300
24.608,pose,1,1.860,0.000,34.022,plan-hold B_leg1 until 43.42s (now=24.62s),1,0.0500,0,-2.2121,1,0.3000,0,-2.2121,0.000,0.300
24.663,pose,1,1.860,0.000,34.022,plan-hold B_leg1 until 43.42s (now=24.67s),1,0.0500,0,-2.2121,1,0.3000,0,-2.2121,0.000,0.300
24.714,pose,1,1.860,0.000,34.022,plan-hold B_leg1 until 43.42s (now=24.72s),1,0.0500,0,-2.2121,1,0.3000,0,-2.2121,0.000,0.300
24.765,pose,1,1.860,0.000,34.022,plan-hold B_leg1 until 43.42s (now=24.77s),1,0.0500,0,-2.2121,1,0.3000,0,-2.2121,0.000,0.300
24.821,pose,1,1.860,0.000,34.022,plan-hold B_leg1 until 43.42s (now=24.83s),1,0.0500,0,-2.2121,1,0.3000,0,-2.2121,0.000,0.300
24.876,pose,1,1.860,0.000,34.022,plan-hold B_leg1 until 43.42s (now=24.88s),1,0.0500,0,-2.2121,1,0.3000,0,-2.2121,0.000,0.300
24.930,pose,1,1.860,0.000,34.022,plan-hold B_leg1 until 43.42s (now=24.94s),1,0.0500,0,-2.2121,1,0.3000,0,-2.2121,0.000,0.300
24.985,pose,1,1.860,0.000,34.022,plan-hold B_leg1 until 43.42s (now=24.99s),1,0.0500,0,-2.2121,1,0.3000,0,-2.2121,0.000,0.300
25.036,pose,1,1.860,0.000,34.022,plan-hold B_leg1 until 43.42s (now=25.05s),1,0.0500,0,-2.2121,1,0.3000,0,-2.2121,0.000,0.300
25.091,pose,1,1.860,0.000,34.022,plan-hold B_leg1 until 43.42s (now=25.10s),1,0.0500,0,-2.2121,1,0.3000,0,-2.2121,0.000,0.300
25.146,pose,1,1.860,0.000,34.022,plan-hold B_leg1 until 43.42s (now=25.16s),1,0.0500,0,-2.2121,1,0.3000,0,-2.2121,0.000,0.300
25.199,pose,1,1.860,0.000,34.022,plan-hold B_leg1 until 43.42s (now=25.21s),1,0.0500,0,-2.2121,1,0.3000,0,-2.2121,0.000,0.300
25.254,pose,1,1.860,0.000,34.022,plan-hold B_leg1 until 43.42s (now=25.26s),1,0.0500,0,-2.2121,1,0.3000,0,-2.2121,0.000,0.300
25.307,pose,1,1.860,0.000,34.022,plan-hold B_leg1 until 43.42s (now=25.32s),1,0.0500,0,-2.2121,1,0.3000,0,-2.2121,0.000,0.300
25.362,pose,1,1.860,0.000,34.022,plan-hold B_leg1 until 43.42s (now=25.37s),1,0.0500,0,-2.2121,1,0.3000,0,-2.2121,0.000,0.300
25.415,pose,1,1.860,0.000,34.022,plan-hold B_leg1 until 43.42s (now=25.42s),1,0.0500,0,-2.2121,1,0.3000,0,-2.2121,0.000,0.300
25.469,pose,1,1.860,0.000,34.022,plan-hold B_leg1 until 43.42s (now=25.48s),1,0.0500,0,-2.2121,1,0.3000,0,-2.2121,0.000,0.300
25.524,pose,1,1.860,0.000,34.022,plan-hold B_leg1 until 43.42s (now=25.53s),1,0.0500,0,-2.2121,1,0.3000,0,-2.2121,0.000,0.300
25.579,pose,1,1.860,0.000,34.022,plan-hold B_leg1 until 43.42s (now=25.59s),1,0.0500,0,-2.2121,1,0.3000,0,-2.2121,0.000,0.300
25.634,pose,1,1.860,0.000,34.022,plan-hold B_leg1 until 43.42s (now=25.64s),1,0.0500,0,-2.2121,1,0.3000,0,-2.2121,0.000,0.300
25.688,pose,1,1.860,0.000,34.022,plan-hold B_leg1 until 43.42s (now=25.70s),1,0.0500,0,-2.2121,1,0.3000,0,-2.2121,0.000,0.300
25.743,pose,1,1.860,0.000,34.022,plan-hold B_leg1 until 43.42s (now=25.75s),1,0.0500,0,-2.2121,1,0.3000,0,-2.2121,0.000,0.300
25.793,pose,1,1.860,0.000,34.022,plan-hold B_leg1 until 43.42s (now=25.80s),1,0.0500,0,-2.2121,1,0.3000,0,-2.2121,0.000,0.300
25.844,pose,1,1.860,0.000,34.022,plan-hold B_leg1 until 43.42s (now=25.85s),1,0.0500,0,-2.2121,1,0.3000,0,-2.2121,0.000,0.300
25.899,pose,1,1.860,0.000,34.022,plan-hold B_leg1 until 43.42s (now=25.91s),1,0.0500,0,-2.2121,1,0.3000,0,-2.2121,0.000,0.300
25.954,pose,1,1.860,0.000,34.022,plan-hold B_leg1 until 43.42s (now=25.96s),1,0.0500,0,-2.2121,1,0.3000,0,-2.2121,0.000,0.300
26.007,pose,1,1.860,0.000,34.022,plan-hold B_leg1 until 43.42s (now=26.02s),1,0.0500,0,-2.2121,1,0.3000,0,-2.2121,0.000,0.300
26.061,pose,1,1.860,0.000,34.022,plan-hold B_leg1 until 43.42s (now=26.07s),1,0.0500,0,-2.2121,1,0.3000,0,-2.2121,0.000,0.300
26.115,pose,1,1.860,0.000,34.022,plan-hold B_leg1 until 43.42s (now=26.12s),1,0.0500,0,-2.2121,1,0.3000,0,-2.2121,0.000,0.300
26.170,pose,1,1.860,0.000,34.022,plan-hold B_leg1 until 43.42s (now=26.18s),1,0.0500,0,-2.2121,1,0.3000,0,-2.2121,0.000,0.300
26.225,pose,1,1.860,0.000,34.022,plan-hold B_leg1 until 43.42s (now=26.23s),1,0.0500,0,-2.2121,1,0.3000,0,-2.2121,0.000,0.300
26.276,pose,1,1.860,0.000,34.022,plan-hold B_leg1 until 43.42s (now=26.29s),1,0.0500,0,-2.2121,1,0.3000,0,-2.2121,0.000,0.300
26.331,pose,1,1.860,0.000,34.022,plan-hold B_leg1 until 43.42s (now=26.34s),1,0.0500,0,-2.2121,1,0.3000,0,-2.2121,0.000,0.300
26.385,pose,1,1.860,0.000,34.022,plan-hold B_leg1 until 43.42s (now=26.39s),1,0.0500,0,-2.2121,1,0.3000,0,-2.2121,0.000,0.300
26.440,pose,1,1.860,0.000,34.022,plan-hold B_leg1 until 43.42s (now=26.45s),1,0.0500,0,-2.2121,1,0.3000,0,-2.2121,0.000,0.300
26.492,pose,1,1.860,0.000,34.022,plan-hold B_leg1 until 43.42s (now=26.50s),1,0.0500,0,-2.2121,1,0.3000,0,-2.2121,0.000,0.300
26.548,pose,1,1.860,0.000,34.022,plan-hold B_leg1 until 43.42s (now=26.56s),1,0.0500,0,-2.2121,1,0.3000,0,-2.2121,0.000,0.300
26.600,pose,1,1.860,0.000,34.022,plan-hold B_leg1 until 43.42s (now=26.61s),1,0.0500,0,-2.2121,1,0.3000,0,-2.2121,0.000,0.300
26.655,pose,1,1.860,0.000,34.022,plan-hold B_leg1 until 43.42s (now=26.66s),1,0.0500,0,-2.2121,1,0.3000,0,-2.2121,0.000,0.300
26.711,pose,1,1.860,0.000,34.022,plan-hold B_leg1 until 43.42s (now=26.72s),1,0.0500,0,-2.2121,1,0.3000,0,-2.2121,0.000,0.300
26.766,pose,1,1.860,0.000,34.022,plan-hold B_leg1 until 43.42s (now=26.77s),1,0.0500,0,-2.2121,1,0.3000,0,-2.2121,0.000,0.300
26.821,pose,1,1.860,0.000,34.022,plan-hold B_leg1 until 43.42s (now=26.83s),1,0.0500,0,-2.2121,1,0.3000,0,-2.2121,0.000,0.300
26.872,pose,1,1.860,0.000,34.022,plan-hold B_leg1 until 43.42s (now=26.88s),1,0.0500,0,-2.2121,1,0.3000,0,-2.2121,0.000,0.300
26.924,pose,1,1.860,0.000,34.022,plan-hold B_leg1 until 43.42s (now=26.93s),1,0.0500,0,-2.2121,1,0.3000,0,-2.2121,0.000,0.300
26.979,pose,1,1.860,0.000,34.022,plan-hold B_leg1 until 43.42s (now=26.99s),1,0.0500,0,-2.2121,1,0.3000,0,-2.2121,0.000,0.300
27.032,pose,1,1.860,0.000,34.022,plan-hold B_leg1 until 43.42s (now=27.04s),1,0.0500,0,-2.2121,1,0.3000,0,-2.2121,0.000,0.300
27.087,pose,1,1.860,0.000,34.022,plan-hold B_leg1 until 43.42s (now=27.10s),1,0.0500,0,-2.2121,1,0.3000,0,-2.2121,0.000,0.300
27.143,pose,1,1.860,0.000,34.022,plan-hold B_leg1 until 43.42s (now=27.15s),1,0.0500,0,-2.2121,1,0.3000,0,-2.2121,0.000,0.300
27.198,pose,1,1.860,0.000,34.022,plan-hold B_leg1 until 43.42s (now=27.21s),1,0.0500,0,-2.2121,1,0.3000,0,-2.2121,0.000,0.300
27.253,pose,1,1.860,0.000,34.022,plan-hold B_leg1 until 43.42s (now=27.26s),1,0.0500,0,-2.2121,1,0.3000,0,-2.2121,0.000,0.300
27.308,pose,1,1.860,0.000,34.022,plan-hold B_leg1 until 43.42s (now=27.32s),1,0.0500,0,-2.2121,1,0.3000,0,-2.2121,0.000,0.300
27.359,pose,1,1.860,0.000,34.022,plan-hold B_leg1 until 43.42s (now=27.37s),1,0.0500,0,-2.2121,1,0.3000,0,-2.2121,0.000,0.300
27.414,pose,1,1.860,0.000,34.022,plan-hold B_leg1 until 43.42s (now=27.42s),1,0.0500,0,-2.2121,1,0.3000,0,-2.2121,0.000,0.300
27.466,pose,1,1.860,0.000,34.022,plan-hold B_leg1 until 43.42s (now=27.48s),1,0.0500,0,-2.2121,1,0.3000,0,-2.2121,0.000,0.300
27.519,pose,1,1.860,0.000,34.022,plan-hold B_leg1 until 43.42s (now=27.53s),1,0.0500,0,-2.2121,1,0.3000,0,-2.2121,0.000,0.300
27.570,pose,1,1.860,0.000,34.022,plan-hold B_leg1 until 43.42s (now=27.58s),1,0.0500,0,-2.2121,1,0.3000,0,-2.2121,0.000,0.300
27.626,pose,1,1.860,0.000,34.022,plan-hold B_leg1 until 43.42s (now=27.64s),1,0.0500,0,-2.2121,1,0.3000,0,-2.2121,0.000,0.300
27.678,pose,1,1.860,0.000,34.022,plan-hold B_leg1 until 43.42s (now=27.69s),1,0.0500,0,-2.2121,1,0.3000,0,-2.2121,0.000,0.300
27.734,pose,1,1.860,0.000,34.022,plan-hold B_leg1 until 43.42s (now=27.74s),1,0.0500,0,-2.2121,1,0.3000,0,-2.2121,0.000,0.300
27.789,pose,1,1.860,0.000,34.022,plan-hold B_leg1 until 43.42s (now=27.80s),1,0.0500,0,-2.2121,1,0.3000,0,-2.2121,0.000,0.300
27.844,pose,1,1.860,0.000,34.022,plan-hold B_leg1 until 43.42s (now=27.85s),1,0.0500,0,-2.2121,1,0.3000,0,-2.2121,0.000,0.300
27.899,pose,1,1.860,0.000,34.022,plan-hold B_leg1 until 43.42s (now=27.91s),1,0.0500,0,-2.2121,1,0.3000,0,-2.2121,0.000,0.300
27.950,pose,1,1.860,0.000,34.022,plan-hold B_leg1 until 43.42s (now=27.96s),1,0.0500,0,-2.2121,1,0.3000,0,-2.2121,0.000,0.300
28.002,pose,1,1.860,0.000,34.022,plan-hold B_leg1 until 43.42s (now=28.01s),1,0.0500,0,-2.2121,1,0.3000,0,-2.2121,0.000,0.300
28.057,pose,1,1.860,0.000,34.022,plan-hold B_leg1 until 43.42s (now=28.07s),1,0.0500,0,-2.2121,1,0.3000,0,-2.2121,0.000,0.300
28.111,pose,1,1.860,0.000,34.022,plan-hold B_leg1 until 43.42s (now=28.12s),1,0.0500,0,-2.2121,1,0.3000,0,-2.2121,0.000,0.300
28.167,pose,1,1.860,0.000,34.022,plan-hold B_leg1 until 43.42s (now=28.18s),1,0.0500,0,-2.2121,1,0.3000,0,-2.2121,0.000,0.300
28.220,pose,1,1.860,0.000,34.022,plan-hold B_leg1 until 43.42s (now=28.23s),1,0.0500,0,-2.2121,1,0.3000,0,-2.2121,0.000,0.300
28.273,pose,1,1.860,0.000,34.022,plan-hold B_leg1 until 43.42s (now=28.28s),1,0.0500,0,-2.2121,1,0.3000,0,-2.2121,0.000,0.300
28.326,pose,1,1.860,0.000,34.022,plan-hold B_leg1 until 43.42s (now=28.34s),1,0.0500,0,-2.2121,1,0.3000,0,-2.2121,0.000,0.300
28.381,pose,1,1.860,0.000,34.022,plan-hold B_leg1 until 43.42s (now=28.39s),1,0.0500,0,-2.2121,1,0.3000,0,-2.2121,0.000,0.300
28.436,pose,1,1.860,0.000,34.022,plan-hold B_leg1 until 43.42s (now=28.45s),1,0.0500,0,-2.2121,1,0.3000,0,-2.2121,0.000,0.300
28.489,pose,1,1.860,0.000,34.022,plan-hold B_leg1 until 43.42s (now=28.50s),1,0.0500,0,-2.2121,1,0.3000,0,-2.2121,0.000,0.300
28.545,pose,1,1.860,0.000,34.022,plan-hold B_leg1 until 43.42s (now=28.55s),1,0.0500,0,-2.2121,1,0.3000,0,-2.2121,0.000,0.300
28.597,pose,1,1.860,0.000,34.022,plan-hold B_leg1 until 43.42s (now=28.61s),1,0.0500,0,-2.2121,1,0.3000,0,-2.2121,0.000,0.300
28.652,pose,1,1.860,0.000,34.022,plan-hold B_leg1 until 43.42s (now=28.66s),1,0.0500,0,-2.2121,1,0.3000,0,-2.2121,0.000,0.300
28.707,pose,1,1.860,0.000,34.022,plan-hold B_leg1 until 43.42s (now=28.72s),1,0.0500,0,-2.2121,1,0.3000,0,-2.2121,0.000,0.300
28.762,pose,1,1.860,0.000,34.022,plan-hold B_leg1 until 43.42s (now=28.77s),1,0.0500,0,-2.2121,1,0.3000,0,-2.2121,0.000,0.300
28.816,pose,1,1.860,0.000,34.022,plan-hold B_leg1 until 43.42s (now=28.83s),1,0.0500,0,-2.2121,1,0.3000,0,-2.2121,0.000,0.300
28.871,pose,1,1.860,0.000,34.022,plan-hold B_leg1 until 43.42s (now=28.88s),1,0.0500,0,-2.2121,1,0.3000,0,-2.2121,0.000,0.300
28.923,pose,1,1.860,0.000,34.022,plan-hold B_leg1 until 43.42s (now=28.93s),1,0.0500,0,-2.2121,1,0.3000,0,-2.2121,0.000,0.300
28.979,pose,1,1.860,0.000,34.022,plan-hold B_leg1 until 43.42s (now=28.99s),1,0.0500,0,-2.2121,1,0.3000,0,-2.2121,0.000,0.300
29.033,pose,1,1.860,0.000,34.022,plan-hold B_leg1 until 43.42s (now=29.04s),1,0.0500,0,-2.2121,1,0.3000,0,-2.2121,0.000,0.300
29.085,pose,1,1.860,0.000,34.022,plan-hold B_leg1 until 43.42s (now=29.09s),1,0.0500,0,-2.2121,1,0.3000,0,-2.2121,0.000,0.300
29.140,pose,1,1.860,0.000,34.022,plan-hold B_leg1 until 43.42s (now=29.15s),1,0.0500,0,-2.2121,1,0.3000,0,-2.2121,0.000,0.300
29.194,pose,1,1.860,0.000,34.022,plan-hold B_leg1 until 43.42s (now=29.20s),1,0.0500,0,-2.2121,1,0.3000,0,-2.2121,0.000,0.300
29.249,pose,1,1.860,0.000,34.022,plan-hold B_leg1 until 43.42s (now=29.26s),1,0.0500,0,-2.2121,1,0.3000,0,-2.2121,0.000,0.300
29.301,pose,1,1.860,0.000,34.022,plan-hold B_leg1 until 43.42s (now=29.31s),1,0.0500,0,-2.2121,1,0.3000,0,-2.2121,0.000,0.300
29.356,pose,1,1.860,0.000,34.022,plan-hold B_leg1 until 43.42s (now=29.37s),1,0.0500,0,-2.2121,1,0.3000,0,-2.2121,0.000,0.300
29.408,pose,1,1.860,0.000,34.022,plan-hold B_leg1 until 43.42s (now=29.42s),1,0.0500,0,-2.2121,1,0.3000,0,-2.2121,0.000,0.300
29.462,pose,1,1.860,0.000,34.022,plan-hold B_leg1 until 43.42s (now=29.47s),1,0.0500,0,-2.2121,1,0.3000,0,-2.2121,0.000,0.300
29.516,pose,1,1.860,0.000,34.022,plan-hold B_leg1 until 43.42s (now=29.52s),1,0.0500,0,-2.2121,1,0.3000,0,-2.2121,0.000,0.300
29.569,pose,1,1.860,0.000,34.022,plan-hold B_leg1 until 43.42s (now=29.58s),1,0.0500,0,-2.2121,1,0.3000,0,-2.2121,0.000,0.300
29.624,pose,1,1.860,0.000,34.022,plan-hold B_leg1 until 43.42s (now=29.63s),1,0.0500,0,-2.2121,1,0.3000,0,-2.2121,0.000,0.300
29.675,pose,1,1.860,0.000,34.022,plan-hold B_leg1 until 43.42s (now=29.68s),1,0.0500,0,-2.2121,1,0.3000,0,-2.2121,0.000,0.300
29.730,pose,1,1.860,0.000,34.022,plan-hold B_leg1 until 43.42s (now=29.74s),1,0.0500,0,-2.2121,1,0.3000,0,-2.2121,0.000,0.300
29.784,pose,1,1.860,0.000,34.022,plan-hold B_leg1 until 43.42s (now=29.79s),1,0.0500,0,-2.2121,1,0.3000,0,-2.2121,0.000,0.300
29.838,pose,1,1.860,0.000,34.022,plan-hold B_leg1 until 43.42s (now=29.85s),1,0.0500,0,-2.2121,1,0.3000,0,-2.2121,0.000,0.300
29.891,pose,1,1.860,0.000,34.022,plan-hold B_leg1 until 43.42s (now=29.90s),1,0.0500,0,-2.2121,1,0.3000,0,-2.2121,0.000,0.300
29.946,pose,1,1.860,0.000,34.022,plan-hold B_leg1 until 43.42s (now=29.95s),1,0.0500,0,-2.2121,1,0.3000,0,-2.2121,0.000,0.300
30.000,pose,1,1.860,0.000,34.022,plan-hold B_leg1 until 43.42s (now=30.01s),1,0.0500,0,-2.2121,1,0.3000,0,-2.2121,0.000,0.300
30.054,pose,1,1.860,0.000,34.022,plan-hold B_leg1 until 43.42s (now=30.06s),1,0.0500,0,-2.2121,1,0.3000,0,-2.2121,0.000,0.300
30.109,pose,1,1.860,0.000,34.022,plan-hold B_leg1 until 43.42s (now=30.12s),1,0.0500,0,-2.2121,1,0.3000,0,-2.2121,0.000,0.300
30.165,pose,1,1.860,0.000,34.022,plan-hold B_leg1 until 43.42s (now=30.17s),1,0.0500,0,-2.2121,1,0.3000,0,-2.2121,0.000,0.300
30.215,pose,1,1.860,0.000,34.022,plan-hold B_leg1 until 43.42s (now=30.22s),1,0.0500,0,-2.2121,1,0.3000,0,-2.2121,0.000,0.300
30.271,pose,1,1.860,0.000,34.022,plan-hold B_leg1 until 43.42s (now=30.28s),1,0.0500,0,-2.2121,1,0.3000,0,-2.2121,0.000,0.300
30.324,pose,1,1.860,0.000,34.022,plan-hold B_leg1 until 43.42s (now=30.33s),1,0.0500,0,-2.2121,1,0.3000,0,-2.2121,0.000,0.300
30.375,pose,1,1.860,0.000,34.022,plan-hold B_leg1 until 43.42s (now=30.38s),1,0.0500,0,-2.2121,1,0.3000,0,-2.2121,0.000,0.300
30.426,pose,1,1.860,0.000,34.022,plan-hold B_leg1 until 43.42s (now=30.43s),1,0.0500,0,-2.2121,1,0.3000,0,-2.2121,0.000,0.300
30.481,pose,1,1.860,0.000,34.022,plan-hold B_leg1 until 43.42s (now=30.49s),1,0.0500,0,-2.2121,1,0.3000,0,-2.2121,0.000,0.300
30.532,pose,1,1.860,0.000,34.022,plan-hold B_leg1 until 43.42s (now=30.54s),1,0.0500,0,-2.2121,1,0.3000,0,-2.2121,0.000,0.300
30.587,pose,1,1.860,0.000,34.022,plan-hold B_leg1 until 43.42s (now=30.60s),1,0.0500,0,-2.2121,1,0.3000,0,-2.2121,0.000,0.300
30.640,pose,1,1.860,0.000,34.022,plan-hold B_leg1 until 43.42s (now=30.65s),1,0.0500,0,-2.2121,1,0.3000,0,-2.2121,0.000,0.300
30.695,pose,1,1.860,0.000,34.022,plan-hold B_leg1 until 43.42s (now=30.70s),1,0.0500,0,-2.2121,1,0.3000,0,-2.2121,0.000,0.300
30.750,pose,1,1.860,0.000,34.022,plan-hold B_leg1 until 43.42s (now=30.76s),1,0.0500,0,-2.2121,1,0.3000,0,-2.2121,0.000,0.300
30.803,pose,1,1.860,0.000,34.022,plan-hold B_leg1 until 43.42s (now=30.81s),1,0.0500,0,-2.2121,1,0.3000,0,-2.2121,0.000,0.300
30.857,pose,1,1.860,0.000,34.022,plan-hold B_leg1 until 43.42s (now=30.87s),1,0.0500,0,-2.2121,1,0.3000,0,-2.2121,0.000,0.300
30.912,pose,1,1.860,0.000,34.022,plan-hold B_leg1 until 43.42s (now=30.92s),1,0.0500,0,-2.2121,1,0.3000,0,-2.2121,0.000,0.300
30.966,pose,1,1.860,0.000,34.022,plan-hold B_leg1 until 43.42s (now=30.97s),1,0.0500,0,-2.2121,1,0.3000,0,-2.2121,0.000,0.300
31.018,pose,1,1.860,0.000,34.022,plan-hold B_leg1 until 43.42s (now=31.03s),1,0.0500,0,-2.2121,1,0.3000,0,-2.2121,0.000,0.300
31.069,pose,1,1.860,0.000,34.022,plan-hold B_leg1 until 43.42s (now=31.08s),1,0.0500,0,-2.2121,1,0.3000,0,-2.2121,0.000,0.300
31.124,pose,1,1.860,0.000,34.022,plan-hold B_leg1 until 43.42s (now=31.13s),1,0.0500,0,-2.2121,1,0.3000,0,-2.2121,0.000,0.300
31.178,pose,1,1.860,0.000,34.022,plan-hold B_leg1 until 43.42s (now=31.19s),1,0.0500,0,-2.2121,1,0.3000,0,-2.2121,0.000,0.300
31.232,pose,1,1.860,0.000,34.022,plan-hold B_leg1 until 43.42s (now=31.24s),1,0.0500,0,-2.2121,1,0.3000,0,-2.2121,0.000,0.300
31.284,pose,1,1.860,0.000,34.022,plan-hold B_leg1 until 43.42s (now=31.29s),1,0.0500,0,-2.2121,1,0.3000,0,-2.2121,0.000,0.300
31.339,pose,1,1.860,0.000,34.022,plan-hold B_leg1 until 43.42s (now=31.35s),1,0.0500,0,-2.2121,1,0.3000,0,-2.2121,0.000,0.300
31.394,pose,1,1.860,0.000,34.022,plan-hold B_leg1 until 43.42s (now=31.40s),1,0.0500,0,-2.2121,1,0.3000,0,-2.2121,0.000,0.300
31.449,pose,1,1.860,0.000,34.022,plan-hold B_leg1 until 43.42s (now=31.46s),1,0.0500,0,-2.2121,1,0.3000,0,-2.2121,0.000,0.300
31.504,pose,1,1.860,0.000,34.022,plan-hold B_leg1 until 43.42s (now=31.51s),1,0.0500,0,-2.2121,1,0.3000,0,-2.2121,0.000,0.300
31.559,pose,1,1.860,0.000,34.022,plan-hold B_leg1 until 43.42s (now=31.57s),1,0.0500,0,-2.2121,1,0.3000,0,-2.2121,0.000,0.300
31.614,pose,1,1.860,0.000,34.022,plan-hold B_leg1 until 43.42s (now=31.62s),1,0.0500,0,-2.2121,1,0.3000,0,-2.2121,0.000,0.300
31.665,pose,1,1.860,0.000,34.022,plan-hold B_leg1 until 43.42s (now=31.67s),1,0.0500,0,-2.2121,1,0.3000,0,-2.2121,0.000,0.300
31.719,pose,1,1.860,0.000,34.022,plan-hold B_leg1 until 43.42s (now=31.73s),1,0.0500,0,-2.2121,1,0.3000,0,-2.2121,0.000,0.300
31.774,pose,1,1.860,0.000,34.022,plan-hold B_leg1 until 43.42s (now=31.78s),1,0.0500,0,-2.2121,1,0.3000,0,-2.2121,0.000,0.300
31.829,pose,1,1.860,0.000,34.022,plan-hold B_leg1 until 43.42s (now=31.84s),1,0.0500,0,-2.2121,1,0.3000,0,-2.2121,0.000,0.300
31.881,pose,1,1.860,0.000,34.022,plan-hold B_leg1 until 43.42s (now=31.89s),1,0.0500,0,-2.2121,1,0.3000,0,-2.2121,0.000,0.300
31.935,pose,1,1.860,0.000,34.022,plan-hold B_leg1 until 43.42s (now=31.94s),1,0.0500,0,-2.2121,1,0.3000,0,-2.2121,0.000,0.300
31.990,pose,1,1.860,0.000,34.022,plan-hold B_leg1 until 43.42s (now=32.00s),1,0.0500,0,-2.2121,1,0.3000,0,-2.2121,0.000,0.300
32.044,pose,1,1.860,0.000,34.022,plan-hold B_leg1 until 43.42s (now=32.05s),1,0.0500,0,-2.2121,1,0.3000,0,-2.2121,0.000,0.300
32.099,pose,1,1.860,0.000,34.022,plan-hold B_leg1 until 43.42s (now=32.11s),1,0.0500,0,-2.2121,1,0.3000,0,-2.2121,0.000,0.300
32.154,pose,1,1.860,0.000,34.022,plan-hold B_leg1 until 43.42s (now=32.16s),1,0.0500,0,-2.2121,1,0.3000,0,-2.2121,0.000,0.300
32.210,pose,1,1.860,0.000,34.022,plan-hold B_leg1 until 43.42s (now=32.22s),1,0.0500,0,-2.2121,1,0.3000,0,-2.2121,0.000,0.300
32.265,pose,1,1.860,0.000,34.022,plan-hold B_leg1 until 43.42s (now=32.27s),1,0.0500,0,-2.2121,1,0.3000,0,-2.2121,0.000,0.300
32.319,pose,1,1.860,0.000,34.022,plan-hold B_leg1 until 43.42s (now=32.33s),1,0.0500,0,-2.2121,1,0.3000,0,-2.2121,0.000,0.300
32.374,pose,1,1.860,0.000,34.022,plan-hold B_leg1 until 43.42s (now=32.38s),1,0.0500,0,-2.2121,1,0.3000,0,-2.2121,0.000,0.300
32.429,pose,1,1.860,0.000,34.022,plan-hold B_leg1 until 43.42s (now=32.44s),1,0.0500,0,-2.2121,1,0.3000,0,-2.2121,0.000,0.300
32.483,pose,1,1.860,0.000,34.022,plan-hold B_leg1 until 43.42s (now=32.49s),1,0.0500,0,-2.2121,1,0.3000,0,-2.2121,0.000,0.300
32.536,pose,1,1.860,0.000,34.022,plan-hold B_leg1 until 43.42s (now=32.55s),1,0.0500,0,-2.2121,1,0.3000,0,-2.2121,0.000,0.300
32.591,pose,1,1.860,0.000,34.022,plan-hold B_leg1 until 43.42s (now=32.60s),1,0.0500,0,-2.2121,1,0.3000,0,-2.2121,0.000,0.300
32.645,pose,1,1.860,0.000,34.022,plan-hold B_leg1 until 43.42s (now=32.65s),1,0.0500,0,-2.2121,1,0.3000,0,-2.2121,0.000,0.300
32.699,pose,1,1.860,0.000,34.022,plan-hold B_leg1 until 43.42s (now=32.71s),1,0.0500,0,-2.2121,1,0.3000,0,-2.2121,0.000,0.300
32.754,pose,1,1.860,0.000,34.022,plan-hold B_leg1 until 43.42s (now=32.76s),1,0.0500,0,-2.2121,1,0.3000,0,-2.2121,0.000,0.300
32.807,pose,1,1.860,0.000,34.022,plan-hold B_leg1 until 43.42s (now=32.82s),1,0.0500,0,-2.2121,1,0.3000,0,-2.2121,0.000,0.300
32.862,pose,1,1.860,0.000,34.022,plan-hold B_leg1 until 43.42s (now=32.87s),1,0.0500,0,-2.2121,1,0.3000,0,-2.2121,0.000,0.300
32.917,pose,1,1.860,0.000,34.022,plan-hold B_leg1 until 43.42s (now=32.93s),1,0.0500,0,-2.2121,1,0.3000,0,-2.2121,0.000,0.300
32.967,pose,1,1.860,0.000,34.022,plan-hold B_leg1 until 43.42s (now=32.98s),1,0.0500,0,-2.2121,1,0.3000,0,-2.2121,0.000,0.300
33.019,pose,1,1.860,0.000,34.022,plan-hold B_leg1 until 43.42s (now=33.03s),1,0.0500,0,-2.2121,1,0.3000,0,-2.2121,0.000,0.300
33.074,pose,1,1.860,0.000,34.022,plan-hold B_leg1 until 43.42s (now=33.08s),1,0.0500,0,-2.2121,1,0.3000,0,-2.2121,0.000,0.300
33.129,pose,1,1.860,0.000,34.022,plan-hold B_leg1 until 43.42s (now=33.14s),1,0.0500,0,-2.2121,1,0.3000,0,-2.2121,0.000,0.300
33.184,pose,1,1.860,0.000,34.022,plan-hold B_leg1 until 43.42s (now=33.19s),1,0.0500,0,-2.2121,1,0.3000,0,-2.2121,0.000,0.300
33.239,pose,1,1.860,0.000,34.022,plan-hold B_leg1 until 43.42s (now=33.25s),1,0.0500,0,-2.2121,1,0.3000,0,-2.2121,0.000,0.300
33.294,pose,1,1.860,0.000,34.022,plan-hold B_leg1 until 43.42s (now=33.30s),1,0.0500,0,-2.2121,1,0.3000,0,-2.2121,0.000,0.300
33.349,pose,1,1.860,0.000,34.022,plan-hold B_leg1 until 43.42s (now=33.36s),1,0.0500,0,-2.2121,1,0.3000,0,-2.2121,0.000,0.300
33.400,pose,1,1.860,0.000,34.022,plan-hold B_leg1 until 43.42s (now=33.41s),1,0.0500,0,-2.2121,1,0.3000,0,-2.2121,0.000,0.300
33.455,pose,1,1.860,0.000,34.022,plan-hold B_leg1 until 43.42s (now=33.46s),1,0.0500,0,-2.2121,1,0.3000,0,-2.2121,0.000,0.300
33.509,pose,1,1.860,0.000,34.022,plan-hold B_leg1 until 43.42s (now=33.52s),1,0.0500,0,-2.2121,1,0.3000,0,-2.2121,0.000,0.300
33.564,pose,1,1.860,0.000,34.022,plan-hold B_leg1 until 43.42s (now=33.57s),1,0.0500,0,-2.2121,1,0.3000,0,-2.2121,0.000,0.300
33.619,pose,1,1.860,0.000,34.022,plan-hold B_leg1 until 43.42s (now=33.63s),1,0.0500,0,-2.2121,1,0.3000,0,-2.2121,0.000,0.300
33.674,pose,1,1.860,0.000,34.022,plan-hold B_leg1 until 43.42s (now=33.68s),1,0.0500,0,-2.2121,1,0.3000,0,-2.2121,0.000,0.300
33.730,pose,1,1.860,0.000,34.022,plan-hold B_leg1 until 43.42s (now=33.74s),1,0.0500,0,-2.2121,1,0.3000,0,-2.2121,0.000,0.300
33.785,pose,1,1.860,0.000,34.022,plan-hold B_leg1 until 43.42s (now=33.79s),1,0.0500,0,-2.2121,1,0.3000,0,-2.2121,0.000,0.300
33.839,pose,1,1.860,0.000,34.022,plan-hold B_leg1 until 43.42s (now=33.85s),1,0.0500,0,-2.2121,1,0.3000,0,-2.2121,0.000,0.300
33.894,pose,1,1.860,0.000,34.022,plan-hold B_leg1 until 43.42s (now=33.90s),1,0.0500,0,-2.2121,1,0.3000,0,-2.2121,0.000,0.300
33.945,pose,1,1.860,0.000,34.022,plan-hold B_leg1 until 43.42s (now=33.95s),1,0.0500,0,-2.2121,1,0.3000,0,-2.2121,0.000,0.300
33.999,pose,1,1.860,0.000,34.022,plan-hold B_leg1 until 43.42s (now=34.01s),1,0.0500,0,-2.2121,1,0.3000,0,-2.2121,0.000,0.300
34.054,miss,1,1.860,0.000,34.022,deadline,1,0.0500,0,-2.2121,1,0.3000,0,-2.2121,0.000,0.300
34.054,start,2,1.860,0.000,54.022,new goal window,1,0.0500,0,-inf,1,0.3000,0,-inf,0.000,0.300
35.024,pose,2,2.129,0.019,54.022,,1,0.0500,0,-3.7505,1,0.0174,0,-3.7505,0.283,0.300
36.041,pose,2,2.412,0.052,54.022,,1,0.0500,0,-3.4656,1,0.0198,0,-3.4656,0.271,0.300
37.065,pose,2,2.695,0.087,54.022,,1,0.0500,0,-3.1806,1,0.0234,0,-3.1806,0.272,0.300
38.089,pose,2,2.978,0.122,54.022,,1,0.0500,0,-2.8956,1,0.0067,0,-2.8956,0.283,0.300
39.106,pose,2,2.993,0.124,54.022,HCD: prevent entering A,1,0.0500,0,-2.8806,1,0.3000,0,-2.8806,0.000,0.300
40.118,pose,2,2.993,0.124,54.022,HCD: prevent entering A,1,0.0500,0,-2.8806,1,0.3000,0,-2.8806,0.000,0.300
41.141,pose,2,2.993,0.124,54.022,HCD: prevent entering A,1,0.0500,0,-2.8806,1,0.3000,0,-2.8806,0.000,0.300
42.171,pose,2,2.993,0.124,54.022,HCD: prevent entering A,1,0.0500,0,-2.8806,1,0.3000,0,-2.8806,0.000,0.300
43.195,pose,2,2.993,0.124,54.022,HCD: prevent entering A,1,0.0500,0,-2.8806,1,0.3000,0,-2.8806,0.000,0.300
44.214,pose,2,2.993,0.124,54.022,HCD: prevent entering A,1,0.0500,0,-2.8806,1,0.3000,0,-2.8806,0.000,0.300
45.243,pose,2,2.993,0.124,54.022,HCD: prevent entering A,1,0.0500,0,-2.8806,1,0.3000,0,-2.8806,0.000,0.300
46.271,pose,2,2.993,0.124,54.022,HCD: prevent entering A,1,0.0500,0,-2.8806,1,0.3000,0,-2.8806,0.000,0.300
47.297,pose,2,2.993,0.124,54.022,HCD: prevent entering A,1,0.0500,0,-2.8806,1,0.3000,0,-2.8806,0.000,0.300
48.321,pose,2,2.993,0.124,54.022,HCD: prevent entering A,1,0.0500,0,-2.8806,1,0.3000,0,-2.8806,0.000,0.300
49.361,pose,2,2.993,0.124,54.022,HCD: prevent entering A,1,0.0500,0,-2.8806,1,0.3000,0,-2.8806,0.000,0.300
50.395,pose,2,2.993,0.124,54.022,HCD: prevent entering A,1,0.0500,0,-2.8806,1,0.3000,0,-2.8806,0.000,0.300
51.436,pose,2,2.993,0.124,54.022,HCD: prevent entering A,1,0.0500,0,-2.8806,1,0.3000,0,-2.8806,0.000,0.300
52.470,pose,2,2.993,0.124,54.022,HCD: prevent entering A,1,0.0500,0,-2.8806,1,0.3000,0,-2.8806,0.000,0.300
53.504,pose,2,2.993,0.124,54.022,HCD: prevent entering A,1,0.0500,0,-2.8806,1,0.3000,0,-2.8806,0.000,0.300
54.047,miss,2,2.993,0.124,54.022,deadline,1,0.0500,0,-2.8806,1,0.3000,0,-2.8806,0.000,0.300
54.047,idle,,2.993,0.124,,,1,0.0500,0,-2.8806,1,0.3000,0,-2.8806,0.000,0.300
54.047,end,,,,,all done,1,0.0500,0,-2.8806,1,0.3000,0,-2.8806,,
